Workbook

Sheet Statistiche_Globali
A1: Statistiche Globali Formula 1
A3: Anno | B3: Campione Piloti | C3: Team Campione | D3: Punti Campione | H3: Pilota | I3: Nazionalità | J3: N° Mondiali Vinti | L3: Scuderia | M3: Nazionalità | N3: N° Mondiali Vinti
A4: 1950 | B4: ='1950'!A4 -> G. Farina | C4: - | D4: ='1950'!I4 -> 45 | H4: J. Fangio | I4: Arg | J4: 5 (1951; 1954; 1955; 1956; 1957) | L4: Cooper Climax | M4: ENG | N4: 2 (1959, 1960)
A5: 1951 | B5: ='1951'!A4 -> J. Fangio | C5: - | D5: ='1951'!J4 -> 50 | H5: J. Brabham | I5: Eng | J5: 2 (1959; 1960) | L5: Ferrari | M5: ITA | N5: 1 (1962)
A6: 1952 | B6: ='1952'!A4 -> A. Ascari | C6: - | D6: ='1952'!J4 -> 63 | H6: A. Ascari | I6: Ita | J6: 2 (1952; 1953) | L6: Vanwall | M6: ENG | N6: 1 (1958)
A7: 1953 | B7: ='1953'!A4 -> A. Ascari | C7: - | D7: ='1953'!K4 -> 49 | H7: P. Hill | I7: Usa | J7: 1 (1961)
A8: 1954 | B8: ='1954'!A4 -> J. Fangio | C8: - | D8: ='1954'!K4 -> 68 | H8: M. Hawthorn | I8: Eng | J8: 1 (1958)
A9: 1955 | B9: ='1955'!A4 -> J. Fangio | C9: - | D9: ='1955'!I4 -> 46 | H9: G. Farina | I9: Ita | J9: 1 (1950)
A10: 1956 | B10: ='1956'!A4 -> J. Fangio | C10: - | D10: ='1956'!J4 -> 53 | H10: G. Hill | I10: Eng | J10: 1 (1962)
A11: 1957 | B11: ='1957'!A4 -> J. Fangio | C11: - | D11: ='1957'!J4 -> 53
A12: 1958 | B12: ='1958'!A4 -> M. Hawthorn | C12: ='1958'!A31 -> Vanwall | D12: ='1958'!N4 -> 68
A13: 1959 | B13: ='1959'!A4 -> J. Brabham | C13: Cooper - Climax | D13: ='1959'!L4 -> 62
A14: 1960 | B14: ='1960'!A4 -> J. Brabham | C14: Cooper - Climax | D14: ='1960'!M4 -> 57
A15: 1961 | B15: ='1961'!A4 -> P. Hill | C15: Ferrari | D15: ='1961'!K4 -> 54
A16: 1962 | B16: ='1962'!A4 -> G. Hill | C16: BRM | D16: ='1962'!L4 -> 65
A17: 1963 | C17: BRM
A18: 1964
A19: 1965
A20: 1966
A21: 1967
A22: 1968
A23: 1969
A24: 1970
A25: 1971
A26: 1972
A27: 1973
A28: 1974
A29: 1975
... A79: 2025

Sheet 1950
A1: Formula 1 - Stagione 1950
A3: Pilota | B3: Gran Bretagna | C3: Monaco | D3: Indianapolis | E3: Svizzera | F3: Belgio | G3: Francia | H3: Italia | I3: Totale | J3: Overall | L3: Random | M3: Performance | N3: Posizione Finale | Q3: COME FUNZIONA
A4: G. Farina | B4: 5 | C4: 9 | D4: 0 | E4: 9 | F4: 7 | G4: 9 | H4: 6 | I4: =SUM(Drivers_1950[[#This Row],[Gran Bretagna]:[Italia]]) -> 45 | J4: 90 | K4: =J4*$J$24 -> 151830 | L4: =J4+RAND()*6 -> 94.336413 | M4: =J4+L4 -> 184.33641 | N4: =RANK(M4,$M$4:$M$23,0) -> 1 | O4: =IF(RAND()<0.08,"DNF","OK") -> OK | Q4: 1. Modifica l'Overall dei piloti
A5: A. Ascari | B5: 8 | C5: 4 | D5: 0 | E5: 4 | F5: 8 | G5: 6 | H5: 4 | I5: =SUM(Drivers_1950[[#This Row],[Gran Bretagna]:[Italia]]) -> 34 | J5: 89 | K5: =J5*$J$24 -> 150143 | L5: =J5+RAND()*6 -> 90.723397 | M5: =J5+L5 -> 179.7234 | N5: =RANK(M5,$M$4:$M$23,0) -> 3 | O5: =IF(RAND()<0.08,"DNF","OK") -> OK | Q5: 2. Premi F9 in Excel per rigenerare la casualità
A6: J. Fangio | B6: 6 | C6: 6 | D6: 0 | E6: 3 | F6: 0 | G6: 0 | H6: 9 | I6: =SUM(Drivers_1950[[#This Row],[Gran Bretagna]:[Italia]]) -> 24 | J6: 89 | K6: =J6*$J$24 -> 150143 | L6: =J6+RAND()*6 -> 89.026193 | M6: =J6+L6 -> 178.02619 | N6: =RANK(M6,$M$4:$M$23,0) -> 6 | O6: =IF(RAND()<0.08,"DNF","OK") -> OK | Q6: 3. Il valore Random simula incidenti, meteo, fortuna ecc.
A7: F. Bonetto | B7: 3 | C7: 3 | D7: 0 | E7: 0 | F7: 4 | G7: 4 | H7: 3 | I7: =SUM(Drivers_1950[[#This Row],[Gran Bretagna]:[Italia]]) -> 17 | J7: 86 | K7: =J7*$J$24 -> 145082 | L7: =J7+RAND()*6 -> 86.045991 | M7: =J7+L7 -> 172.04599 | N7: =RANK(M7,$M$4:$M$23,0) -> 10 | O7: =IF(RAND()<0.08,"DNF","OK") -> OK | Q7: 4. Performance = Overall + Casualità
A8: J. Parsons | B8: 0 | C8: 1 | D8: 9 | E8: 1 | F8: 2 | G8: 1 | H8: 1 | I8: =SUM(Drivers_1950[[#This Row],[Gran Bretagna]:[Italia]]) -> 15 | J8: 89 | K8: =J8*$J$24 -> 150143 | L8: =J8+RAND()*6 -> 89.654891 | M8: =J8+L8 -> 178.65489 | N8: =RANK(M8,$M$4:$M$23,0) -> 5 | O8: =IF(RAND()<0.08,"DNF","OK") -> OK | Q8: 5. Posizione Finale aggiornata automaticamente
A9: P. Etancelin | B9: 0 | C9: 0 | D9: 0 | E9: 6 | F9: 0 | G9: 2 | H9: 0 | I9: =SUM(Drivers_1950[[#This Row],[Gran Bretagna]:[Italia]]) -> 8 | J9: 86 | K9: =J9*$J$24 -> 145082 | L9: =J9+RAND()*6 -> 87.795838 | M9: =J9+L9 -> 173.79584 | N9: =RANK(M9,$M$4:$M$23,0) -> 8 | O9: =IF(RAND()<0.08,"DNF","OK") -> OK
A10: L. Fagioli | B10: 1 | C10: 2 | D10: 0 | E10: 2 | F10: 1 | G10: 0 | H10: 0 | I10: =SUM(Drivers_1950[[#This Row],[Gran Bretagna]:[Italia]]) -> 6 | J10: 87 | K10: =J10*$J$24 -> 146769 | L10: =J10+RAND()*6 -> 92.465406 | M10: =J10+L10 -> 179.46541 | N10: =RANK(M10,$M$4:$M$23,0) -> 4 | O10: =IF(RAND()<0.08,"DNF","OK") -> OK
A11: R. Manzon | B11: 0 | C11: 0 | D11: 0 | E11: 0 | F11: 3 | G11: 3 | H11: 0 | I11: =SUM(Drivers_1950[[#This Row],[Gran Bretagna]:[Italia]]) -> 6 | J11: 85 | K11: =J11*$J$24 -> 143395 | L11: =J11+RAND()*6 -> 85.064957 | M11: =J11+L11 -> 170.06496 | N11: =RANK(M11,$M$4:$M$23,0) -> 11 | O11: =IF(RAND()<0.08,"DNF","OK") -> OK | Q11: Sistema Punti
A12: P. Bira | B12: 2 | C12: 0 | D12: 0 | E12: 0 | F12: 0 | G12: 0 | H12: 0 | I12: =SUM(Drivers_1950[[#This Row],[Gran Bretagna]:[Italia]]) -> 2 | J12: 84 | K12: =J12*$J$24 -> 141708 | L12: =J12+RAND()*6 -> 89.951515 | M12: =J12+L12 -> 173.95152 | N12: =RANK(M12,$M$4:$M$23,0) -> 7 | O12: =IF(RAND()<0.08,"DNF","OK") -> OK | Q12: 1 | R12: 8
A13: R. Sommer | B13: 0 | C13: 0 | D13: 0 | E13: 0 | F13: 0 | G13: 0 | H13: 2 | I13: =SUM(Drivers_1950[[#This Row],[Gran Bretagna]:[Italia]]) -> 2 | J13: 84 | K13: =J13*$J$24 -> 141708 | L13: =J13+RAND()*6 -> 88.868662 | M13: =J13+L13 -> 172.86866 | N13: =RANK(M13,$M$4:$M$23,0) -> 9 | O13: =IF(RAND()<0.08,"DNF","OK") -> OK | Q13: 2 | R13: 6
A14: L. Rosier | B14: 0 | C14: 0 | D14: 0 | E14: 0 | F14: 0 | G14: 0 | H14: 0 | I14: =SUM(Drivers_1950[[#This Row],[Gran Bretagna]:[Italia]]) -> 0 | J14: 83 | K14: =J14*$J$24 -> 140021 | L14: =J14+RAND()*6 -> 86.535996 | M14: =J14+L14 -> 169.536 | N14: =RANK(M14,$M$4:$M$23,0) -> 12 | O14: =IF(RAND()<0.08,"DNF","OK") -> OK | Q14: 3 | R14: 4
A15: P. Whitehead | B15: 0 | C15: 0 | D15: 0 | E15: 0 | F15: 0 | G15: 0 | H15: 0 | I15: =SUM(Drivers_1950[[#This Row],[Gran Bretagna]:[Italia]]) -> 0 | J15: 83 | K15: =J15*$J$24 -> 140021 | L15: =J15+RAND()*6 -> 85.741884 | M15: =J15+L15 -> 168.74188 | N15: =RANK(M15,$M$4:$M$23,0) -> 14 | O15: =IF(RAND()<0.08,"DNF","OK") -> OK | Q15: 4 | R15: 3
A16: L. Chiron | B16: 0 | C16: 0 | D16: 0 | E16: 0 | F16: 0 | G16: 0 | H16: 0 | I16: =SUM(Drivers_1950[[#This Row],[Gran Bretagna]:[Italia]]) -> 0 | J16: 82 | K16: =J16*$J$24 -> 138334 | L16: =J16+RAND()*6 -> 86.860642 | M16: =J16+L16 -> 168.86064 | N16: =RANK(M16,$M$4:$M$23,0) -> 13 | O16: =IF(RAND()<0.08,"DNF","OK") -> OK | Q16: 5 | R16: 2
A17: R. Parnell | B17: 0 | C17: 0 | D17: 0 | E17: 0 | F17: 0 | G17: 0 | H17: 0 | I17: =SUM(Drivers_1950[[#This Row],[Gran Bretagna]:[Italia]]) -> 0 | J17: 81 | K17: =J17*$J$24 -> 136647 | L17: =J17+RAND()*6 -> 83.930753 | M17: =J17+L17 -> 164.93075 | N17: =RANK(M17,$M$4:$M$23,0) -> 15 | O17: =IF(RAND()<0.08,"DNF","OK") -> OK | Q17: 6 | R17: 1
A18: Y. Giraud-Cabantous | B18: 0 | C18: 0 | D18: 0 | E18: 0 | F18: 0 | G18: 0 | H18: 0 | I18: =SUM(Drivers_1950[[#This Row],[Gran Bretagna]:[Italia]]) -> 0 | J18: 88 | K18: =J18*$J$24 -> 148456 | L18: =J18+RAND()*6 -> 91.755306 | M18: =J18+L18 -> 179.75531 | N18: =RANK(M18,$M$4:$M$23,0) -> 2 | O18: =IF(RAND()<0.08,"DNF","OK") -> OK | Q18: 7 | R18: 0
A19: E. Chaboud | B19: 0 | C19: 0 | D19: 0 | E19: 0 | F19: 0 | G19: 0 | H19: 0 | I19: =SUM(Drivers_1950[[#This Row],[Gran Bretagna]:[Italia]]) -> 0 | J19: 81 | K19: =J19*$J$24 -> 136647 | L19: =J19+RAND()*6 -> 83.565289 | M19: =J19+L19 -> 164.56529 | N19: =RANK(M19,$M$4:$M$23,0) -> 16 | O19: =IF(RAND()<0.08,"DNF","OK") -> OK | Q19: 8 | R19: 0
A20: T. De Graffeniried | B20: 0 | C20: 0 | D20: 0 | E20: 0 | F20: 0 | G20: 0 | H20: 0 | I20: =SUM(Drivers_1950[[#This Row],[Gran Bretagna]:[Italia]]) -> 0 | J20: 80 | K20: =J20*$J$24 -> 134960 | L20: =J20+RAND()*6 -> 82.983947 | M20: =J20+L20 -> 162.98395 | N20: =RANK(M20,$M$4:$M$23,0) -> 18 | O20: =IF(RAND()<0.08,"DNF","OK") -> OK | Q20: 9 | R20: 0
A21: B. Gerard | B21: 0 | C21: 0 | D21: 0 | E21: 0 | F21: 0 | G21: 0 | H21: 0 | I21: =SUM(Drivers_1950[[#This Row],[Gran Bretagna]:[Italia]]) -> 0 | J21: 79 | K21: =J21*$J$24 -> 133273 | L21: =J21+RAND()*6 -> 82.026176 | M21: =J21+L21 -> 161.02618 | N21: =RANK(M21,$M$4:$M$23,0) -> 20 | O21: =IF(RAND()<0.08,"DNF","OK") -> OK | Q21: 10 | R21: 0
A22: L. Villoresi | B22: 0 | C22: 0 | D22: 0 | E22: 0 | F22: 0 | G22: 0 | H22: 0 | I22: =SUM(Drivers_1950[[#This Row],[Gran Bretagna]:[Italia]]) -> 0 | J22: 81 | K22: =J22*$J$24 -> 136647 | L22: =J22+RAND()*6 -> 83.342162 | M22: =J22+L22 -> 164.34216 | N22: =RANK(M22,$M$4:$M$23,0) -> 17 | O22: =IF(RAND()<0.08,"DNF","OK") -> OK
A23: L. Wallard | B23: 0 | C23: 0 | D23: 0 | E23: 0 | F23: 0 | G23: 0 | H23: 0 | I23: =SUM(Drivers_1950[[#This Row],[Gran Bretagna]:[Italia]]) -> 0 | J23: 80 | K23: =J23*$J$24 -> 134960 | L23: =J23+RAND()*6 -> 81.37632 | M23: =J23+L23 -> 161.37632 | N23: =RANK(M23,$M$4:$M$23,0) -> 19 | O23: =IF(RAND()<0.08,"DNF","OK") -> DNF
J24: =SUM(J4:J23) -> 1687

Sheet 1951
A1: Formula 1 - Stagione 1951
A3: Pilota | B3: Svizzera | C3: Indianapolis | D3: Belgio | E3: Francia | F3: Gran Bregagna | G3: Germania | H3: Italia | I3: Spagna | J3: Totale | K3: Overall | L3: Colonna1 | M3: Random | N3: Performance | O3: Posizione Finale | Q3: COME FUNZIONA
A4: J. Fangio | B4: 5 | C4: 0 | D4: 6 | E4: 9 | F4: 7 | G4: 9 | H4: 5 | I4: 9 | J4: =SUM(B4:I4) -> 50 | K4: 97 | L4: ='1951'!$K4*'1951'!$K$24 -> 165288 | M4: ='1951'!$K4+RAND()*6 -> 100.64915 | N4: ='1951'!$K4+'1951'!$M4 -> 197.64915 | O4: =RANK(N4,$N$4:$N$23,0) -> 1 | Q4: 1. Modifica l'Overall dei piloti
A5: A. Ascari | B5: 6 | C5: 0 | D5: 9 | E5: 6 | F5: 4 | G5: 6 | H5: 8 | I5: 6 | J5: =SUM(B5:I5) -> 45 | K5: 96 | L5: ='1951'!$K5*'1951'!$K$24 -> 163584 | M5: ='1951'!$K5+RAND()*6 -> 99.097454 | N5: ='1951'!$K5+'1951'!$M5 -> 195.09745 | O5: =RANK(N5,$N$4:$N$23,0) -> 3 | Q5: 2. Premi F9 in Excel per rigenerare la casualità
A6: G. Farina | B6: 8 | C6: 0 | D6: 4 | E6: 4 | F6: 8 | G6: 4 | H6: 6 | I6: 4 | J6: =SUM(B6:I6) -> 38 | K6: 96 | L6: ='1951'!$K6*'1951'!$K$24 -> 163584 | M6: ='1951'!$K6+RAND()*6 -> 100.37844 | N6: ='1951'!$K6+'1951'!$M6 -> 196.37844 | O6: =RANK(N6,$N$4:$N$23,0) -> 2 | Q6: 3. Il valore Random simula incidenti, meteo, fortuna ecc.
A7: J. Gonzalez | B7: 3 | C7: 0 | D7: 3 | E7: 3 | F7: 3 | G7: 2 | H7: 3 | I7: 3 | J7: =SUM(B7:I7) -> 20 | K7: 89 | L7: ='1951'!$K7*'1951'!$K$24 -> 151656 | M7: ='1951'!$K7+RAND()*6 -> 94.297031 | N7: ='1951'!$K7+'1951'!$M7 -> 183.29703 | O7: =RANK(N7,$N$4:$N$23,0) -> 5 | Q7: 4. Performance = Overall + Casualità
A8: L. Wallard | B8: 1 | C8: 9 | D8: 1 | E8: 0 | F8: 1 | G8: 1 | H8: 1 | I8: 1 | J8: =SUM(B8:I8) -> 15 | K8: 87 | L8: ='1951'!$K8*'1951'!$K$24 -> 148248 | M8: ='1951'!$K8+RAND()*6 -> 91.8579 | N8: ='1951'!$K8+'1951'!$M8 -> 178.8579 | O8: =RANK(N8,$N$4:$N$23,0) -> 6 | Q8: 5. Posizione Finale aggiornata automaticamente
A9: L. Villoresi | B9: 2 | C9: 0 | D9: 2 | E9: 2 | F9: 2 | G9: 3 | H9: 2 | I9: 2 | J9: =SUM(B9:I9) -> 15 | K9: 89 | L9: ='1951'!$K9*'1951'!$K$24 -> 151656 | M9: ='1951'!$K9+RAND()*6 -> 94.438134 | N9: ='1951'!$K9+'1951'!$M9 -> 183.43813 | O9: =RANK(N9,$N$4:$N$23,0) -> 4
A10: M. Nazaruk | B10: 0 | C10: 6 | D10: 0 | E10: 0 | F10: 0 | G10: 0 | H10: 0 | I10: 0 | J10: =SUM(B10:I10) -> 6 | K10: 84 | L10: ='1951'!$K10*'1951'!$K$24 -> 143136 | M10: ='1951'!$K10+RAND()*6 -> 84.42711 | N10: ='1951'!$K10+'1951'!$M10 -> 168.42711 | O10: =RANK(N10,$N$4:$N$23,0) -> 11
A11: A. Linden | B11: 0 | C11: 3 | D11: 0 | E11: 0 | F11: 0 | G11: 0 | H11: 0 | I11: 0 | J11: =SUM(B11:I11) -> 3 | K11: 81 | L11: ='1951'!$K11*'1951'!$K$24 -> 138024 | M11: ='1951'!$K11+RAND()*6 -> 86.128404 | N11: ='1951'!$K11+'1951'!$M11 -> 167.1284 | O11: =RANK(N11,$N$4:$N$23,0) -> 12 | Q11: Sistema Punti
A12: M. Ayulo | B12: 0 | C12: 2 | D12: 0 | E12: 0 | F12: 0 | G12: 0 | H12: 0 | I12: 0 | J12: =SUM(B12:I12) -> 2 | K12: 80 | L12: ='1951'!$K12*'1951'!$K$24 -> 136320 | M12: ='1951'!$K12+RAND()*6 -> 84.79186 | N12: ='1951'!$K12+'1951'!$M12 -> 164.79186 | O12: =RANK(N12,$N$4:$N$23,0) -> 15 | Q12: 1 | R12: 8
A13: J. McGrath | B13: 0 | C13: 2 | D13: 0 | E13: 0 | F13: 0 | G13: 0 | H13: 0 | I13: 0 | J13: =SUM(B13:I13) -> 2 | K13: 80 | L13: ='1951'!$K13*'1951'!$K$24 -> 136320 | M13: ='1951'!$K13+RAND()*6 -> 83.915183 | N13: ='1951'!$K13+'1951'!$M13 -> 163.91518 | O13: =RANK(N13,$N$4:$N$23,0) -> 16 | Q13: 2 | R13: 6
A14: B. Ball | B14: 0 | C14: 2 | D14: 0 | E14: 0 | F14: 0 | G14: 0 | H14: 0 | I14: 0 | J14: =SUM(B14:I14) -> 2 | K14: 80 | L14: ='1951'!$K14*'1951'!$K$24 -> 136320 | M14: ='1951'!$K14+RAND()*6 -> 80.621428 | N14: ='1951'!$K14+'1951'!$M14 -> 160.62143 | O14: =RANK(N14,$N$4:$N$23,0) -> 20 | Q14: 3 | R14: 4
A15: L. Fagioli | B15: 0 | C15: 0 | D15: 0 | E15: 1 | F15: 0 | G15: 0 | H15: 0 | I15: 0 | J15: =SUM(B15:I15) -> 1 | K15: 85 | L15: ='1951'!$K15*'1951'!$K$24 -> 144840 | M15: ='1951'!$K15+RAND()*6 -> 86.701076 | N15: ='1951'!$K15+'1951'!$M15 -> 171.70108 | O15: =RANK(N15,$N$4:$N$23,0) -> 10 | Q15: 4 | R15: 3
A16: P.Taruffi | B16: 0 | C16: 0 | D16: 0 | E16: 0 | F16: 0 | G16: 0 | H16: 0 | I16: 0 | J16: =SUM(B16:I16) -> 0 | K16: 86 | L16: ='1951'!$K16*'1951'!$K$24 -> 146544 | M16: ='1951'!$K16+RAND()*6 -> 90.459029 | N16: ='1951'!$K16+'1951'!$M16 -> 176.45903 | O16: =RANK(N16,$N$4:$N$23,0) -> 7 | Q16: 5 | R16: 2
A17: F. Bonetto | B17: 0 | C17: 0 | D17: 0 | E17: 0 | F17: 0 | G17: 0 | H17: 0 | I17: 0 | J17: =SUM(B17:I17) -> 0 | K17: 85 | L17: ='1951'!$K17*'1951'!$K$24 -> 144840 | M17: ='1951'!$K17+RAND()*6 -> 87.926447 | N17: ='1951'!$K17+'1951'!$M17 -> 172.92645 | O17: =RANK(N17,$N$4:$N$23,0) -> 9 | Q17: 6 | R17: 1
A18: R. Parnell | B18: 0 | C18: 0 | D18: 0 | E18: 0 | F18: 0 | G18: 0 | H18: 0 | I18: 0 | J18: =SUM(B18:I18) -> 0 | K18: 84 | L18: ='1951'!$K18*'1951'!$K$24 -> 143136 | M18: ='1951'!$K18+RAND()*6 -> 89.289906 | N18: ='1951'!$K18+'1951'!$M18 -> 173.28991 | O18: =RANK(N18,$N$4:$N$23,0) -> 8 | Q18: 7 | R18: 0
A19: C. Sanesi | B19: 0 | C19: 0 | D19: 0 | E19: 0 | F19: 0 | G19: 0 | H19: 0 | I19: 0 | J19: =SUM(B19:I19) -> 0 | K19: 83 | L19: ='1951'!$K19*'1951'!$K$24 -> 141432 | M19: ='1951'!$K19+RAND()*6 -> 83.627748 | N19: ='1951'!$K19+'1951'!$M19 -> 166.62775 | O19: =RANK(N19,$N$4:$N$23,0) -> 13 | Q19: 8 | R19: 0
A20: L. Rosier | B20: 0 | C20: 0 | D20: 0 | E20: 0 | F20: 0 | G20: 0 | H20: 0 | I20: 0 | J20: =SUM(B20:I20) -> 0 | K20: 82 | L20: ='1951'!$K20*'1951'!$K$24 -> 139728 | M20: ='1951'!$K20+RAND()*6 -> 83.214109 | N20: ='1951'!$K20+'1951'!$M20 -> 165.21411 | O20: =RANK(N20,$N$4:$N$23,0) -> 14 | Q20: 9 | R20: 0
A21: E. de Graffenried | B21: 0 | C21: 0 | D21: 0 | E21: 0 | F21: 0 | G21: 0 | H21: 0 | I21: 0 | J21: =SUM(B21:I21) -> 0 | K21: 80 | L21: ='1951'!$K21*'1951'!$K$24 -> 136320 | M21: ='1951'!$K21+RAND()*6 -> 82.287905 | N21: ='1951'!$K21+'1951'!$M21 -> 162.28791 | O21: =RANK(N21,$N$4:$N$23,0) -> 17 | Q21: 10 | R21: 0
A22: Y. Giraud-Cabantous | B22: 0 | C22: 0 | D22: 0 | E22: 0 | F22: 0 | G22: 0 | H22: 0 | I22: 0 | J22: =SUM(B22:I22) -> 0 | K22: 80 | L22: ='1951'!$K22*'1951'!$K$24 -> 136320 | M22: ='1951'!$K22+RAND()*6 -> 82.16969 | N22: ='1951'!$K22+'1951'!$M22 -> 162.16969 | O22: =RANK(N22,$N$4:$N$23,0) -> 18
A23: A. Linden | B23: 0 | C23: 0 | D23: 0 | E23: 0 | F23: 0 | G23: 0 | H23: 0 | I23: 0 | J23: =SUM(B23:I23) -> 0 | K23: 80 | L23: ='1951'!$K23*'1951'!$K$24 -> 136320 | M23: ='1951'!$K23+RAND()*6 -> 81.386484 | N23: ='1951'!$K23+'1951'!$M23 -> 161.38648 | O23: =RANK(N23,$N$4:$N$23,0) -> 19
K24: =SUM('1951'!$K$4:$K$23) -> 1704

Sheet 1952
A1: Formula 1 - Stagione 1952
A3: Pilota | B3: Svizzera | C3: Indianapolis | D3: Belgio | E3: Francia | F3: Gran Bretagna | G3: Germania | H3: Olanda | I3: Italia | J3: Totale | K3: Overall | M3: Random | N3: Performance | O3: Posizione Finale
A4: A. Ascari | B4: 9 | C4: - | D4: 9 | E4: 9 | F4: 9 | G4: 9 | H4: 9 | I4: 9 | J4: =SUM(B4:I4) -> 63 | K4: 95 | L4: =K4*$K$24 -> 163115 | M4: =K4+RAND()*6 -> 96.684943 | N4: =K4+M4 -> 191.68494 | O4: =RANK(N4,$N$4:$N$23,0) -> 1 | P4: =IF(RAND()<0.08,"DNF","OK") -> OK
A5: G. Farina | B5: 6 | C5: - | D5: 6 | E5: 4 | F5: 6 | G5: 6 | H5: 3 | I5: 3 | J5: =SUM(B5:I5) -> 34 | K5: 90 | L5: =K5*$K$24 -> 154530 | M5: =K5+RAND()*6 -> 91.654619 | N5: =K5+M5 -> 181.65462 | O5: =RANK(N5,$N$4:$N$23,0) -> 5 | P5: =IF(RAND()<0.08,"DNF","OK") -> OK
A6: T. Ruttman | B6: 0 | C6: - | D6: 2 | E6: 6 | F6: 2 | G6: 4 | H6: 0 | I6: 0 | J6: =SUM(B6:I6) -> 14 | K6: 70 | L6: =K6*$K$24 -> 120190 | M6: =K6+RAND()*6 -> 71.798033 | N6: =K6+M6 -> 141.79803 | O6: =RANK(N6,$N$4:$N$23,0) -> 20 | P6: =IF(RAND()<0.08,"DNF","OK") -> DNF
A7: R. Fischer | B7: 0 | C7: 0 | D7: 4 | E7: 0 | F7: 4 | G7: 0 | H7: 6 | I7: 4 | J7: =SUM(B7:I7) -> 18 | K7: 89 | L7: =K7*$K$24 -> 152813 | M7: =K7+RAND()*6 -> 93.820341 | N7: =K7+M7 -> 182.82034 | O7: =RANK(N7,$N$4:$N$23,0) -> 2 | P7: =IF(RAND()<0.08,"DNF","OK") -> OK
A8: M. Hawthorn | B8: 0 | C8: 9 | D8: 0 | E8: 0 | F8: DNF | G8: 0 | H8: 4 | I8: DNF | J8: =SUM(B8:I8) -> 13 | K8: 89 | L8: =K8*$K$24 -> 152813 | M8: =K8+RAND()*6 -> 92.72923 | N8: =K8+M8 -> 181.72923 | O8: =RANK(N8,$N$4:$N$23,0) -> 4 | P8: =IF(RAND()<0.08,"DNF","OK") -> OK
A9: P. Taruffi | B9: 3 | C9: - | D9: 3 | E9: 2 | F9: 1 | G9: 1 | H9: 1 | I9: 0 | J9: =SUM(B9:I9) -> 11 | K9: 88 | L9: =K9*$K$24 -> 151096 | M9: =K9+RAND()*6 -> 88.760656 | N9: =K9+M9 -> 176.76066 | O9: =RANK(N9,$N$4:$N$23,0) -> 9 | P9: =IF(RAND()<0.08,"DNF","OK") -> OK
A10: J. Rathmann | B10: 2 | C10: - | D10: 1 | E10: 0 | F10: 3 | G10: 2 | H10: 0 | I10: 0 | J10: =SUM(B10:I10) -> 8 | K10: 86 | L10: =K10*$K$24 -> 147662 | M10: =K10+RAND()*6 -> 91.777741 | N10: =K10+M10 -> 177.77774 | O10: =RANK(N10,$N$4:$N$23,0) -> 8 | P10: =IF(RAND()<0.08,"DNF","OK") -> OK
A11: L. Villoresi | B11: 4 | C11: - | D11: 0 | E11: 3 | F11: 0 | G11: DNF | H11: 0 | I11: 1 | J11: =SUM(B11:I11) -> 8 | K11: 88 | L11: =K11*$K$24 -> 151096 | M11: =K11+RAND()*6 -> 93.379762 | N11: =K11+M11 -> 181.37976 | O11: =RANK(N11,$N$4:$N$23,0) -> 6 | P11: =IF(RAND()<0.08,"DNF","OK") -> OK
A12: S. Hanks | B12: 0 | C12: 6 | D12: 0 | E12: 0 | F12: 0 | G12: 0 | H12: 0 | I12: 0 | J12: =SUM(B12:I12) -> 6 | K12: 85 | L12: =K12*$K$24 -> 145945 | M12: =K12+RAND()*6 -> 90.448496 | N12: =K12+M12 -> 175.4485 | O12: =RANK(N12,$N$4:$N$23,0) -> 11 | P12: =IF(RAND()<0.08,"DNF","OK") -> OK
A13: J. Behera | B13: 0 | C13: 4 | D13: 0 | E13: DNF | F13: 0 | G13: 0 | H13: 2 | I13: 6 | J13: =SUM(B13:I13) -> 12 | K13: 88 | L13: =K13*$K$24 -> 151096 | M13: =K13+RAND()*6 -> 93.92022 | N13: =K13+M13 -> 181.92022 | O13: =RANK(N13,$N$4:$N$23,0) -> 3 | P13: =IF(RAND()<0.08,"DNF","OK") -> OK
A14: D. Carter | B14: 0 | C14: 3 | D14: 0 | E14: 0 | F14: 0 | G14: 0 | H14: 0 | I14: 0 | J14: =SUM(B14:I14) -> 3 | K14: 83 | L14: =K14*$K$24 -> 142511 | M14: =K14+RAND()*6 -> 86.420466 | N14: =K14+M14 -> 169.42047 | O14: =RANK(N14,$N$4:$N$23,0) -> 19 | P14: =IF(RAND()<0.08,"DNF","OK") -> OK
A15: R. Manzon | B15: 0 | C15: 0 | D15: 0 | E15: 0 | F15: DNF | G15: 3 | H15: 0 | I15: 0 | J15: =SUM(B15:I15) -> 3 | K15: 87 | L15: =K15*$K$24 -> 149379 | M15: =K15+RAND()*6 -> 88.253879 | N15: =K15+M15 -> 175.25388 | O15: =RANK(N15,$N$4:$N$23,0) -> 12 | P15: =IF(RAND()<0.08,"DNF","OK") -> DNF
A16: A. Cross | B16: 1 | C16: - | D16: 0 | E16: 1 | F16: 0 | G16: 0 | H16: 0 | I16: 0 | J16: =SUM(B16:I16) -> 2 | K16: 84 | L16: =K16*$K$24 -> 144228 | M16: =K16+RAND()*6 -> 88.913713 | N16: =K16+M16 -> 172.91371 | O16: =RANK(N16,$N$4:$N$23,0) -> 14 | P16: =IF(RAND()<0.08,"DNF","OK") -> OK | R16: Sistema Punti
A17: J. Gonzalez | B17: 0 | C17: 2 | D17: 0 | E17: 0 | F17: 0 | G17: 0 | H17: 0 | I17: 2 | J17: =SUM(B17:I17) -> 4 | K17: 88 | L17: =K17*$K$24 -> 151096 | M17: =K17+RAND()*6 -> 92.711574 | N17: =K17+M17 -> 180.71157 | O17: =RANK(N17,$N$4:$N$23,0) -> 7 | P17: =IF(RAND()<0.08,"DNF","OK") -> OK | R17: 1 | S17: 8
A18: K. Wharton | B18: 0 | C18: 0 | D18: 0 | E18: 0 | F18: 0 | G18: 0 | H18: 0 | I18: 0 | J18: =SUM(B18:I18) -> 0 | K18: 85 | L18: =K18*$K$24 -> 145945 | M18: =K18+RAND()*6 -> 90.478241 | N18: =K18+M18 -> 175.47824 | O18: =RANK(N18,$N$4:$N$23,0) -> 10 | P18: =IF(RAND()<0.08,"DNF","OK") -> OK | R18: 2 | S18: 6
A19: D. Poore | B19: 0 | C19: 0 | D19: 0 | E19: 0 | F19: 0 | G19: 0 | H19: 0 | I19: 0 | J19: =SUM(B19:I19) -> 0 | K19: 84 | L19: =K19*$K$24 -> 144228 | M19: =K19+RAND()*6 -> 87.330736 | N19: =K19+M19 -> 171.33074 | O19: =RANK(N19,$N$4:$N$23,0) -> 16 | P19: =IF(RAND()<0.08,"DNF","OK") -> OK | R19: 3 | S19: 4
A20: A. Brown | B20: 0 | C20: 0 | D20: 0 | E20: 0 | F20: 0 | G20: 0 | H20: 0 | I20: 0 | J20: =SUM(B20:I20) -> 0 | K20: 84 | L20: =K20*$K$24 -> 144228 | M20: =K20+RAND()*6 -> 87.554801 | N20: =K20+M20 -> 171.5548 | O20: =RANK(N20,$N$4:$N$23,0) -> 15 | P20: =IF(RAND()<0.08,"DNF","OK") -> OK | R20: 4 | S20: 3
A21: M. Trintignant | B21: 0 | C21: 0 | D21: 0 | E21: 0 | F21: 0 | G21: 0 | H21: 0 | I21: 0 | J21: =SUM(B21:I21) -> 0 | K21: 86 | L21: =K21*$K$24 -> 147662 | M21: =K21+RAND()*6 -> 87.081394 | N21: =K21+M21 -> 173.08139 | O21: =RANK(N21,$N$4:$N$23,0) -> 13 | P21: =IF(RAND()<0.08,"DNF","OK") -> OK | R21: 5 | S21: 2
A22: P. Frere | B22: 0 | C22: 0 | D22: 0 | E22: 0 | F22: 0 | G22: 0 | H22: 0 | I22: 0 | J22: =SUM(B22:I22) -> 0 | K22: 84 | L22: =K22*$K$24 -> 144228 | M22: =K22+RAND()*6 -> 87.284912 | N22: =K22+M22 -> 171.28491 | O22: =RANK(N22,$N$4:$N$23,0) -> 17 | P22: =IF(RAND()<0.08,"DNF","OK") -> OK | R22: 6 | S22: 1
A23: E. Thompson | B23: 0 | C23: 0 | D23: 0 | E23: 0 | F23: 0 | G23: 0 | H23: 0 | I23: DNF | J23: =SUM(B23:I23) -> 0 | K23: 84 | L23: =K23*$K$24 -> 144228 | M23: =K23+RAND()*6 -> 87.079574 | N23: =K23+M23 -> 171.07957 | O23: =RANK(N23,$N$4:$N$23,0) -> 18 | P23: =IF(RAND()<0.08,"DNF","OK") -> OK | R23: 7 | S23: 0
K24: =SUM(K4:K23) -> 1717 | R24: 8 | S24: 0
R25: 9 | S25: 0
R26: 10 | S26: 0

Sheet 1953
A1: Formula 1 - Stagione 1953
A3: Pilota | B3: Argentina | C3: Indianapolis | D3: Paesi Bassi | E3: Belgio | F3: Francia | G3: Gran Bretagna | H3: Germania | I3: Svizzera | J3: Italia | K3: Totale | L3: Overall | M3: Colonna1 | N3: Random | O3: Performance | P3: Posizione Finale | Q3: Colonna2
A4: A. Ascari | B4: 4 | C4: 0 | D4: 6 | E4: 8 | F4: 6 | G4: 9 | H4: DNF | I4: 7 | J4: 9 | K4: =SUM(B4:J4) -> 49 | L4: 97 | M4: =L4*$L$24 -> 178965 | N4: =L4+RAND()*6 -> 98.405028 | O4: =L4+N4 -> 195.40503 | P4: =RANK(O4,$O$4:$O$23,0) -> 2 | Q4: =IF(RAND()<0.08,"DNF","OK") -> OK
A5: J. Fangio | B5: 8 | C5: 0 | D5: 8 | E5: 7 | F5: 4 | G5: 6 | H5: 8 | I5: 2 | J5: 4 | K5: =SUM(B5:J5) -> 47 | L5: 96 | M5: =L5*$L$24 -> 177120 | N5: =L5+RAND()*6 -> 96.969195 | O5: =L5+N5 -> 192.9692 | P5: =RANK(O5,$O$4:$O$23,0) -> 5 | Q5: =IF(RAND()<0.08,"DNF","OK") -> DNF
A6: S. Moss | B6: 7 | C6: 0 | D6: 4 | E6: DNF | F6: 9 | G6: 3 | H6: DNF | I6: 8 | J6: 6 | K6: =SUM(B6:J6) -> 37 | L6: 96 | M6: =L6*$L$24 -> 177120 | N6: =L6+RAND()*6 -> 97.083468 | O6: =L6+N6 -> 193.08347 | P6: =RANK(O6,$O$4:$O$23,0) -> 4 | Q6: =IF(RAND()<0.08,"DNF","OK") -> OK
A7: G. Farina | B7: DNF | C7: 0 | D7: 3 | E7: 4 | F7: 3 | G7: 4 | H7: 7 | I7: 4 | J7: 1 | K7: =SUM(B7:J7) -> 26 | L7: 95 | M7: =L7*$L$24 -> 175275 | N7: =L7+RAND()*6 -> 100.87298 | O7: =L7+N7 -> 195.87298 | P7: =RANK(O7,$O$4:$O$23,0) -> 1 | Q7: =IF(RAND()<0.08,"DNF","OK") -> OK
A8: L. Villoresi | B8: 1 | C8: 0 | D8: 1 | E8: 3 | F8: 0 | G8: 0 | H8: DNF | I8: 3 | J8: 3 | K8: =SUM(B8:J8) -> 11 | L8: 95 | M8: =L8*$L$24 -> 175275 | N8: =L8+RAND()*6 -> 98.562554 | O8: =L8+N8 -> 193.56255 | P8: =RANK(O8,$O$4:$O$23,0) -> 3 | Q8: =IF(RAND()<0.08,"DNF","OK") -> OK
A9: B. Vukovic | B9: 0 | C9: 9 | D9: 0 | E9: 0 | F9: 0 | G9: 0 | H9: 0 | I9: 0 | J9: 0 | K9: =SUM(B9:J9) -> 9 | L9: 70 | M9: =L9*$L$24 -> 129150 | N9: =L9+RAND()*6 -> 70.585078 | O9: =L9+N9 -> 140.58508 | P9: =RANK(O9,$O$4:$O$23,0) -> 20 | Q9: =IF(RAND()<0.08,"DNF","OK") -> OK
A10: A. Cross | B10: 2 | C10: 0 | D10: 1 | E10: DNF | F10: 2 | G10: 1 | H10: DNF | I10: 1 | J10: 0 | K10: =SUM(B10:J10) -> 7 | L10: 94 | M10: =L10*$L$24 -> 173430 | N10: =L10+RAND()*6 -> 95.828979 | O10: =L10+N10 -> 189.82898 | P10: =RANK(O10,$O$4:$O$23,0) -> 10 | Q10: =IF(RAND()<0.08,"DNF","OK") -> OK
A11: M. Hawthorn | B11: 0 | C11: 6 | D11: 0 | E11: 0 | F11: 0 | G11: 0 | H11: 0 | I11: 0 | J11: DNF | K11: =SUM(B11:J11) -> 6 | L11: 91 | M11: =L11*$L$24 -> 167895 | N11: =L11+RAND()*6 -> 95.627383 | O11: =L11+N11 -> 186.62738 | P11: =RANK(O11,$O$4:$O$23,0) -> 17 | Q11: =IF(RAND()<0.08,"DNF","OK") -> OK
A12: M. Trintignant | B12: 0 | C12: 2 | D12: 0 | E12: 0 | F12: 0 | G12: 2 | H12: 2 | I12: 0 | J12: 0 | K12: =SUM(B12:J12) -> 6 | L12: 93 | M12: =L12*$L$24 -> 171585 | N12: =L12+RAND()*6 -> 93.966077 | O12: =L12+N12 -> 186.96608 | P12: =RANK(O12,$O$4:$O$23,0) -> 16 | Q12: =IF(RAND()<0.08,"DNF","OK") -> OK
A13: J. McGrath | B13: 3 | C13: 0 | D13: 0 | E13: 1 | F13: 1 | G13: 0 | H13: 0 | I13: 0 | J13: 0 | K13: =SUM(B13:J13) -> 5 | L13: 94 | M13: =L13*$L$24 -> 173430 | N13: =L13+RAND()*6 -> 97.263581 | O13: =L13+N13 -> 191.26358 | P13: =RANK(O13,$O$4:$O$23,0) -> 7 | Q13: =IF(RAND()<0.08,"DNF","OK") -> OK
A14: J. Gonzalez | B14: 0 | C14: 2 | D14: 0 | E14: 0 | F14: 0 | G14: 0 | H14: 3 | I14: 0 | J14: 0 | K14: =SUM(B14:J14) -> 5 | L14: 93 | M14: =L14*$L$24 -> 171585 | N14: =L14+RAND()*6 -> 94.749704 | O14: =L14+N14 -> 187.7497 | P14: =RANK(O14,$O$4:$O$23,0) -> 15 | Q14: =IF(RAND()<0.08,"DNF","OK") -> OK
A15: D. Carter | B15: 0 | C15: 0 | D15: 0 | E15: 0 | F15: 0 | G15: DNF | H15: 4 | I15: 0 | J15: 0 | K15: =SUM(B15:J15) -> 4 | L15: 93 | M15: =L15*$L$24 -> 171585 | N15: =L15+RAND()*6 -> 95.794895 | O15: =L15+N15 -> 188.79489 | P15: =RANK(O15,$O$4:$O$23,0) -> 13 | Q15: =IF(RAND()<0.08,"DNF","OK") -> OK
A16: S. Hanks | B16: 0 | C16: 0 | D16: 0 | E16: 2 | F16: 0 | G16: 0 | H16: DNF | I16: 0 | J16: 2 | K16: =SUM(B16:J16) -> 4 | L16: 94 | M16: =L16*$L$24 -> 173430 | N16: =L16+RAND()*6 -> 96.755642 | O16: =L16+N16 -> 190.75564 | P16: =RANK(O16,$O$4:$O$23,0) -> 9 | Q16: =IF(RAND()<0.08,"DNF","OK") -> OK
A17: O. Galvez | B17: 0 | C17: 2 | D17: DNF | E17: 0 | F17: 0 | G17: 0 | H17: DNF | I17: DNF | J17: 0 | K17: =SUM(B17:J17) -> 2 | L17: 93 | M17: =L17*$L$24 -> 171585 | N17: =L17+RAND()*6 -> 98.498455 | O17: =L17+N17 -> 191.49846 | P17: =RANK(O17,$O$4:$O$23,0) -> 6 | Q17: =IF(RAND()<0.08,"DNF","OK") -> OK
A18: F. Agabashian | B18: DNF | C18: 0 | D18: 2 | E18: 0 | F18: 0 | G18: 0 | H18: 0 | I18: 0 | J18: 0 | K18: =SUM(B18:J18) -> 2 | L18: 93 | M18: =L18*$L$24 -> 171585 | N18: =L18+RAND()*6 -> 97.889321 | O18: =L18+N18 -> 190.88932 | P18: =RANK(O18,$O$4:$O$23,0) -> 8 | Q18: =IF(RAND()<0.08,"DNF","OK") -> OK
A19: P. Russo | B19: 0 | C19: 1.5 | D19: 0 | E19: 0 | F19: 0 | G19: 0 | H19: 0 | I19: 0 | J19: DNF | K19: =SUM(B19:J19) -> 1.5 | L19: 92 | M19: =L19*$L$24 -> 169740 | N19: =L19+RAND()*6 -> 96.212279 | O19: =L19+N19 -> 188.21228 | P19: =RANK(O19,$O$4:$O$23,0) -> 14 | Q19: =IF(RAND()<0.08,"DNF","OK") -> OK
A20: E. de Graffenried | B20: 0 | C20: 1.5 | D20: 0 | E20: 0 | F20: 0 | G20: 0 | H20: 0 | I20: 0 | J20: 0 | K20: =SUM(B20:J20) -> 1.5 | L20: 91 | M20: =L20*$L$24 -> 167895 | N20: =L20+RAND()*6 -> 91.373408 | O20: =L20+N20 -> 182.37341 | P20: =RANK(O20,$O$4:$O$23,0) -> 19 | Q20: =IF(RAND()<0.08,"DNF","OK") -> OK
A21: F. Bonetto | B21: 0 | C21: 0 | D21: 0 | E21: 0 | F21: 0 | G21: 0 | H21: 1 | I21: 0 | J21: 0 | K21: =SUM(B21:J21) -> 1 | L21: 92 | M21: =L21*$L$24 -> 169740 | N21: =L21+RAND()*6 -> 97.27817 | O21: =L21+N21 -> 189.27817 | P21: =RANK(O21,$O$4:$O$23,0) -> 12 | Q21: =IF(RAND()<0.08,"DNF","OK") -> OK
A22: O. Marimon | B22: 0 | C22: 0 | D22: 0 | E22: 0 | F22: 0 | G22: 0 | H22: 0 | I22: 0 | J22: 0 | K22: =SUM(B22:J22) -> 0 | L22: 92 | M22: =L22*$L$24 -> 169740 | N22: =L22+RAND()*6 -> 97.545921 | O22: =L22+N22 -> 189.54592 | P22: =RANK(O22,$O$4:$O$23,0) -> 11 | Q22: =IF(RAND()<0.08,"DNF","OK") -> OK
A23: H. Lang | B23: 0 | C23: 0 | D23: 0 | E23: 0 | F23: 0 | G23: 0 | H23: 0 | I23: 0 | J23: DNF | K23: =SUM(B23:J23) -> 0 | L23: 91 | M23: =L23*$L$24 -> 167895 | N23: =L23+RAND()*6 -> 91.842839 | O23: =L23+N23 -> 182.84284 | P23: =RANK(O23,$O$4:$O$23,0) -> 18 | Q23: =IF(RAND()<0.08,"DNF","OK") -> OK
L24: =SUM('1953'!$L$4:$L$23) -> 1845
S26: 1 | T26: 8
S27: 2 | T27: 6
S28: 3 | T28: 4
S29: 4 | T29: 3
S30: 5 | T30: 2
S31: 6 | T31: 1
S32: 7 | T32: 0
S33: 8 | T33: 0
S34: 9 | T34: 0
S35: 10 | T35: 0

Sheet 1954
A1: Formula 1 - Stagione 1954
A3: Pilota | B3: Argentina | C3: Indianapolis | D3: Belgio | E3: Francia | F3: Gran Bretagna | G3: Germania | H3: Svizzera | I3: Italia | J3: Spagna | K3: Totale | L3: Overall | M3: Colonna1 | N3: Random | O3: Performance | P3: Posizione Finale | Q3: Colonna2 | S3: COME FUNZIONA
A4: J. Fangio | B4: 9 | C4: 0 | D4: 9 | E4: 9 | F4: 9 | G4: 9 | H4: 9 | I4: 5 | J4: 9 | K4: =SUM(B4:J4) -> 68 | L4: 97 | M4: =L4*$L$24 -> 8730 | N4: =L4+RAND()*6 -> 99.888139 | O4: =L4+N4 -> 196.88814 | P4: =RANK(O4,$O$4:$O$29,0) -> 1 | Q4: =IF(RAND()<0.08,"DNF","OK") -> OK | S4: 1. Modifica l'Overall dei piloti
A5: L. Villoresi | B5: 0 | C5: 0 | D5: 6 | E5: 6 | F5: 6 | G5: 4 | H5: 3 | I5: 3 | J5: 6 | K5: =SUM(B5:J5) -> 34 | L5: 95 | M5: =L5*$L$24 -> 8550 | N5: =L5+RAND()*6 -> 98.26228 | O5: =L5+N5 -> 193.26228 | P5: =RANK(O5,$O$4:$O$29,0) -> 2 | Q5: =IF(RAND()<0.08,"DNF","OK") -> OK | S5: 2. Premi F9 in Excel per rigenerare la casualità
A6: G. Farina | B6: 6 | C6: 0 | D6: 4 | E6: DNF | F6: 2 | G6: 6 | H6: 4 | I6: 8 | J6: 4 | K6: =SUM(B6:J6) -> 34 | L6: 95 | M6: =L6*$L$24 -> 8550 | N6: =L6+RAND()*6 -> 97.1476 | O6: =L6+N6 -> 192.1476 | P6: =RANK(O6,$O$4:$O$29,0) -> 5 | Q6: =IF(RAND()<0.08,"DNF","OK") -> OK | S6: 3. Il valore Random simula incidenti, meteo, fortuna ecc.
A7: S. Moss | B7: 4 | C7: 0 | D7: 2 | E7: 4 | F7: 3 | G7: DNF | H7: 6 | I7: 6 | J7: 3 | K7: =SUM(B7:J7) -> 28 | L7: 95 | M7: =L7*$L$24 -> 8550 | N7: =L7+RAND()*6 -> 97.669072 | O7: =L7+N7 -> 192.66907 | P7: =RANK(O7,$O$4:$O$29,0) -> 3 | Q7: =IF(RAND()<0.08,"DNF","OK") -> OK | S7: 4. Performance = Overall + Casualità
A8: R. Mieres | B8: 3 | C8: 0 | D8: 3 | E8: 3 | F8: 4 | G8: 3 | H8: 0 | I8: 2 | J8: 0 | K8: =SUM(B8:J8) -> 18 | L8: 94 | M8: =L8*$L$24 -> 8460 | N8: =L8+RAND()*6 -> 98.146201 | O8: =L8+N8 -> 192.1462 | P8: =RANK(O8,$O$4:$O$29,0) -> 6 | Q8: =IF(RAND()<0.08,"DNF","OK") -> OK | S8: 5. Posizione Finale aggiornata automaticamente
A9: M. Hawthorn | B9: 0 | C9: 0 | D9: 6 | E9: 0 | F9: 1 | G9: 1 | H9: 0 | I9: 1 | J9: 1 | K9: =SUM(B9:J9) -> 10 | L9: 94 | M9: =L9*$L$24 -> 8460 | N9: =L9+RAND()*6 -> 98.543261 | O9: =L9+N9 -> 192.54326 | P9: =RANK(O9,$O$4:$O$29,0) -> 4 | Q9: =IF(RAND()<0.08,"DNF","OK") -> OK
A10: B. Vukovic | B10: 0 | C10: 8 | D10: 0 | E10: 0 | F10: 0 | G10: 0 | H10: 0 | I10: 0 | J10: 0 | K10: =SUM(B10:J10) -> 8 | L10: 70 | M10: =L10*$L$24 -> 6300 | N10: =L10+RAND()*6 -> 73.730817 | O10: =L10+N10 -> 143.73082 | P10: =RANK(O10,$O$4:$O$29,0) -> 22 | Q10: =IF(RAND()<0.08,"DNF","OK") -> OK
A11: J. Gonzalez | B11: 2 | C11: 0 | D11: 1 | E11: 1 | F11: 0 | G11: 2 | H11: 1 | I11: 0 | J11: 0 | K11: =SUM(B11:J11) -> 7 | L11: 93 | M11: =L11*$L$24 -> 8370 | N11: =L11+RAND()*6 -> 94.767623 | O11: =L11+N11 -> 187.76762 | P11: =RANK(O11,$O$4:$O$29,0) -> 8 | Q11: =IF(RAND()<0.08,"DNF","OK") -> OK | S11: Sistema Punti
A12: J. Bryan | B12: 0 | C12: 6 | D12: 0 | E12: 0 | F12: 0 | G12: 0 | H12: 0 | I12: 0 | J12: 0 | K12: =SUM(B12:J12) -> 6 | L12: 70 | M12: =L12*$L$24 -> 6300 | N12: =L12+RAND()*6 -> 70.597372 | O12: =L12+N12 -> 140.59737 | P12: =RANK(O12,$O$4:$O$29,0) -> 25 | Q12: =IF(RAND()<0.08,"DNF","OK") -> OK | S12: 1 | T12: 8
A13: J. McGrath | B13: 0 | C13: 5 | D13: 0 | E13: 0 | F13: 0 | G13: 0 | H13: 0 | I13: 0 | J13: 0 | K13: =SUM(B13:J13) -> 5 | L13: 70 | M13: =L13*$L$24 -> 6300 | N13: =L13+RAND()*6 -> 70.549989 | O13: =L13+N13 -> 140.54999 | P13: =RANK(O13,$O$4:$O$29,0) -> 26 | Q13: =IF(RAND()<0.08,"DNF","OK") -> DNF | S13: 2 | T13: 6
A14: L. Musso | B14: 1 | C14: 0 | D14: 0 | E14: 2 | F14: 0 | G14: 0 | H14: 0 | I14: 0 | J14: 2 | K14: =SUM(B14:J14) -> 5 | L14: 93 | M14: =L14*$L$24 -> 8370 | N14: =L14+RAND()*6 -> 93.420592 | O14: =L14+N14 -> 186.42059 | P14: =RANK(O14,$O$4:$O$29,0) -> 9 | Q14: =IF(RAND()<0.08,"DNF","OK") -> OK | S14: 3 | T14: 4
A15: M. Nazaruk | B15: 0 | C15: 2 | D15: 0 | E15: 0 | F15: DNF | G15: 0 | H15: 0 | I15: 0 | J15: 0 | K15: =SUM(B15:J15) -> 2 | L15: 70 | M15: =L15*$L$24 -> 6300 | N15: =L15+RAND()*6 -> 71.002191 | O15: =L15+N15 -> 141.00219 | P15: =RANK(O15,$O$4:$O$29,0) -> 24 | Q15: =IF(RAND()<0.08,"DNF","OK") -> OK | S15: 4 | T15: 3
A16: M. Trintignant | B16: 0 | C16: 0 | D16: 0 | E16: DNF | F16: 0 | G16: 0 | H16: 2 | I16: 0 | J16: 0 | K16: =SUM(B16:J16) -> 2 | L16: 93 | M16: =L16*$L$24 -> 8370 | N16: =L16+RAND()*6 -> 96.179781 | O16: =L16+N16 -> 189.17978 | P16: =RANK(O16,$O$4:$O$29,0) -> 7 | Q16: =IF(RAND()<0.08,"DNF","OK") -> OK | S16: 5 | T16: 2
A17: D. Carter | B17: 0 | C17: 1.5 | D17: 0 | E17: 0 | F17: 0 | G17: DNF | H17: 0 | I17: 0 | J17: 0 | K17: =SUM(B17:J17) -> 1.5 | L17: 70 | M17: =L17*$L$24 -> 6300 | N17: =L17+RAND()*6 -> 75.853949 | O17: =L17+N17 -> 145.85395 | P17: =RANK(O17,$O$4:$O$29,0) -> 20 | Q17: =IF(RAND()<0.08,"DNF","OK") -> OK | S17: 6 | T17: 1
A18: T. Ruttman | B18: 0 | C18: 1.5 | D18: 0 | E18: 0 | F18: 0 | G18: 0 | H18: 0 | I18: 0 | J18: 0 | K18: =SUM(B18:J18) -> 1.5 | L18: 70 | M18: =L18*$L$24 -> 6300 | N18: =L18+RAND()*6 -> 73.167643 | O18: =L18+N18 -> 143.16764 | P18: =RANK(O18,$O$4:$O$29,0) -> 23 | Q18: =IF(RAND()<0.08,"DNF","OK") -> OK | S18: 7 | T18: 0
A19: K. Kling | B19: 0 | C19: 0 | D19: 0 | E19: 0 | F19: 0 | G19: 0 | H19: 0 | I19: DNF | J19: 0 | K19: =SUM(B19:J19) -> 0 | L19: 90 | M19: =L19*$L$24 -> 8100 | N19: =L19+RAND()*6 -> 92.21633 | O19: =L19+N19 -> 182.21633 | P19: =RANK(O19,$O$4:$O$29,0) -> 11 | Q19: =IF(RAND()<0.08,"DNF","OK") -> OK | S19: 8 | T19: 0
A20: H. Herrmann | B20: 0 | C20: 0 | D20: 0 | E20: 0 | F20: DNF | G20: 0 | H20: 0 | I20: 0 | J20: 0 | K20: =SUM(B20:J20) -> 0 | L20: 89 | M20: =L20*$L$24 -> 8010 | N20: =L20+RAND()*6 -> 89.984648 | O20: =L20+N20 -> 178.98465 | P20: =RANK(O20,$O$4:$O$29,0) -> 16 | Q20: =IF(RAND()<0.08,"DNF","OK") -> OK | S20: 9 | T20: 0
A21: O. Marimon | B21: 0 | C21: 0 | D21: 0 | E21: 0 | F21: 0 | G21: 0 | H21: 0 | I21: DNF | J21: 0 | K21: =SUM(B21:J21) -> 0 | L21: 89 | M21: =L21*$L$24 -> 8010 | N21: =L21+RAND()*6 -> 90.241433 | O21: =L21+N21 -> 179.24143 | P21: =RANK(O21,$O$4:$O$29,0) -> 14 | Q21: =IF(RAND()<0.08,"DNF","OK") -> OK | S21: 10 | T21: 0
A22: R. Manzon | B22: 0 | C22: 0 | D22: 0 | E22: 0 | F22: 0 | G22: 0 | H22: 0 | I22: 0 | J22: 0 | K22: =SUM(B22:J22) -> 0 | L22: 89 | M22: =L22*$L$24 -> 8010 | N22: =L22+RAND()*6 -> 90.022326 | O22: =L22+N22 -> 179.02233 | P22: =RANK(O22,$O$4:$O$29,0) -> 15 | Q22: =IF(RAND()<0.08,"DNF","OK") -> OK
A23: S. Mantovani | B23: 0 | C23: 0 | D23: 0 | E23: DNF | F23: 0 | G23: 0 | H23: 0 | I23: 0 | J23: 0 | K23: =SUM(B23:J23) -> 0 | L23: 87 | M23: =L23*$L$24 -> 7830 | N23: =L23+RAND()*6 -> 87.14162 | O23: =L23+N23 -> 174.14162 | P23: =RANK(O23,$O$4:$O$29,0) -> 19 | Q23: =IF(RAND()<0.08,"DNF","OK") -> OK
A24: P. Bira | B24: 0 | C24: 0 | D24: 0 | E24: 0 | F24: 0 | G24: 0 | H24: 0 | I24: 0 | J24: 0 | K24: =SUM(B24:J24) -> 0 | L24: 90 | M24: =L24*$L$24 -> 8100 | N24: =L24+RAND()*6 -> 94.236396 | O24: =L24+N24 -> 184.2364 | P24: =RANK(O24,$O$4:$O$29,0) -> 10 | Q24: =IF(RAND()<0.08,"DNF","OK") -> OK
A25: U. Maglioli | B25: 0 | C25: 0 | D25: 0 | E25: 0 | F25: DNF | G25: 0 | H25: 0 | I25: 0 | J25: 0 | K25: =SUM(B25:J25) -> 0 | L25: 87 | M25: =L25*$L$24 -> 7830 | N25: =L25+RAND()*6 -> 87.836767 | O25: =L25+N25 -> 174.83677 | P25: =RANK(O25,$O$4:$O$29,0) -> 17 | Q25: =IF(RAND()<0.08,"DNF","OK") -> DNF
A26: A. Pilette | B26: 0 | C26: 0 | D26: 0 | E26: 0 | F26: 0 | G26: 0 | H26: DNF | I26: 0 | J26: 0 | K26: =SUM(B26:J26) -> 0 | L26: 86 | M26: =L26*$L$24 -> 7740 | N26: =L26+RAND()*6 -> 88.608487 | O26: =L26+N26 -> 174.60849 | P26: =RANK(O26,$O$4:$O$29,0) -> 18 | Q26: =IF(RAND()<0.08,"DNF","OK") -> OK
A27: E. Bayol | B27: 0 | C27: 0 | D27: 0 | E27: 0 | F27: 0 | G27: 0 | H27: 0 | I27: 0 | J27: 0 | K27: =SUM(B27:J27) -> 0 | L27: 70 | M27: =L27*$L$24 -> 6300 | N27: =L27+RAND()*6 -> 74.6136 | O27: =L27+N27 -> 144.6136 | P27: =RANK(O27,$O$4:$O$29,0) -> 21 | Q27: =IF(RAND()<0.08,"DNF","OK") -> OK
A28: A. Ascari | B28: 0 | C28: 0 | D28: 0 | E28: 0 | F28: 0 | G28: 0 | H28: 0 | I28: 0 | J28: 0 | K28: =SUM(B28:J28) -> 0 | L28: 89 | M28: =L28*$L$24 -> 8010 | N28: =L28+RAND()*6 -> 91.782786 | O28: =L28+N28 -> 180.78279 | P28: =RANK(O28,$O$4:$O$29,0) -> 13 | Q28: =IF(RAND()<0.08,"DNF","OK") -> OK
A29: J. Behra | B29: 0 | C29: 0 | D29: 0 | E29: 0 | F29: DNF | G29: 0 | H29: 0 | I29: 0 | J29: 0 | K29: =SUM(B29:J29) -> 0 | L29: 88 | M29: =L29*$L$24 -> 7920 | N29: =L29+RAND()*6 -> 93.669581 | O29: =L29+N29 -> 181.66958 | P29: =RANK(O29,$O$4:$O$29,0) -> 12 | Q29: =IF(RAND()<0.08,"DNF","OK") -> OK

Sheet 1955
A1: Formula 1 - Stagione 1955
A3: Pilota | B3: Argentina | C3: Monaco | D3: Indianapolis | E3: Belgio | F3: Paesi Bassi | G3: Gran Bretagna | H3: Italia | I3: Totale | J3: Overall | K3: Colonna1 | L3: Random | M3: Performance | N3: Posizione Finale | O3: Colonna2 | Q3: COME FUNZIONA
A4: J. Fangio | B4: 9 | C4: 9 | D4: 0 | E4: 8 | F4: 8 | G4: 3 | H4: 9 | I4: =SUM(B4:H4) -> 46 | J4: 97 | K4: =J4*$J$30 -> 210199 | L4: =J4+RAND()*6 -> 100.16329 | M4: =J4+L4 -> 197.16329 | N4: =RANK(M4,$M$4:$M$29,0) -> 1 | O4: =IF(RAND()<0.08,"DNF","OK") -> OK | Q4: 1. Modifica l'Overall dei piloti
A5: S. Moss | B5: 3 | C5: 3 | D5: 0 | E5: 5 | F5: 4 | G5: 9 | H5: 6 | I5: =SUM(B5:H5) -> 30 | J5: 96 | K5: =J5*$J$30 -> 208032 | L5: =J5+RAND()*6 -> 98.847248 | M5: =J5+L5 -> 194.84725 | N5: =RANK(M5,$M$4:$M$29,0) -> 3 | O5: =IF(RAND()<0.08,"DNF","OK") -> OK | Q5: 2. Premi F9 in Excel per rigenerare la casualità
A6: M. Trintigant | B6: 4 | C6: 6 | D6: 0 | E6: 3 | F6: 1 | G6: 4 | H6: 4 | I6: =SUM(B6:H6) -> 22 | J6: 95 | K6: =J6*$J$30 -> 205865 | L6: =J6+RAND()*6 -> 100.8453 | M6: =J6+L6 -> 195.8453 | N6: =RANK(M6,$M$4:$M$29,0) -> 2 | O6: =IF(RAND()<0.08,"DNF","OK") -> DNF | Q6: 3. Il valore Random simula incidenti, meteo, fortuna ecc.
A7: L. Villoresi | B7: 2 | C7: 4 | D7: 0 | E7: 6 | F7: 6 | G7: 2 | H7: DNF | I7: =SUM(B7:H7) -> 20 | J7: 95 | K7: =J7*$J$30 -> 205865 | L7: =J7+RAND()*6 -> 95.518427 | M7: =J7+L7 -> 190.51843 | N7: =RANK(M7,$M$4:$M$29,0) -> 7 | O7: =IF(RAND()<0.08,"DNF","OK") -> OK | Q7: 4. Performance = Overall + Casualità
A8: E. Castellotti | B8: 6 | C8: DNF | D8: 0 | E8: 2 | F8: 2 | G8: 6 | H8: 3 | I8: =SUM(B8:H8) -> 19 | J8: 95 | K8: =J8*$J$30 -> 205865 | L8: =J8+RAND()*6 -> 96.38528 | M8: =J8+L8 -> 191.38528 | N8: =RANK(M8,$M$4:$M$29,0) -> 5 | O8: =IF(RAND()<0.08,"DNF","OK") -> OK | Q8: 5. Posizione Finale aggiornata automaticamente
A9: B. Sweikert | B9: 0 | C9: 0 | D9: 8 | E9: 0 | F9: 0 | G9: 0 | H9: 0 | I9: =SUM(B9:H9) -> 8 | J9: 70 | K9: =J9*$J$30 -> 151690 | L9: =J9+RAND()*6 -> 71.975654 | M9: =J9+L9 -> 141.97565 | N9: =RANK(M9,$M$4:$M$29,0) -> 23 | O9: =IF(RAND()<0.08,"DNF","OK") -> OK
A10: J. Gonzalez | B10: DNF | C10: 0 | D10: 0 | E10: 0 | F10: 3 | G10: 0 | H10: 2 | I10: =SUM(B10:H10) -> 5 | J10: 93 | K10: =J10*$J$30 -> 201531 | L10: =J10+RAND()*6 -> 97.720657 | M10: =J10+L10 -> 190.72066 | N10: =RANK(M10,$M$4:$M$29,0) -> 6 | O10: =IF(RAND()<0.08,"DNF","OK") -> OK
A11: K. Davies | B11: 0 | C11: 0 | D11: 4 | E11: 0 | F11: 0 | G11: 0 | H11: 0 | I11: =SUM(B11:H11) -> 4 | J11: 70 | K11: =J11*$J$30 -> 151690 | L11: =J11+RAND()*6 -> 73.323193 | M11: =J11+L11 -> 143.32319 | N11: =RANK(M11,$M$4:$M$29,0) -> 18 | O11: =IF(RAND()<0.08,"DNF","OK") -> OK | Q11: Sistema Punti
A12: T. Bettenhausen | B12: 0 | C12: 0 | D12: 3 | E12: DNF | F12: 0 | G12: 0 | H12: 0 | I12: =SUM(B12:H12) -> 3 | J12: 70 | K12: =J12*$J$30 -> 151690 | L12: =J12+RAND()*6 -> 70.304462 | M12: =J12+L12 -> 140.30446 | N12: =RANK(M12,$M$4:$M$29,0) -> 26 | O12: =IF(RAND()<0.08,"DNF","OK") -> DNF | Q12: 1 | R12: 8
A13: P. Russo | B13: 0 | C13: 0 | D13: 3 | E13: 0 | F13: 0 | G13: DNF | H13: 0 | I13: =SUM(B13:H13) -> 3 | J13: 70 | K13: =J13*$J$30 -> 151690 | L13: =J13+RAND()*6 -> 70.454676 | M13: =J13+L13 -> 140.45468 | N13: =RANK(M13,$M$4:$M$29,0) -> 24 | O13: =IF(RAND()<0.08,"DNF","OK") -> DNF | Q13: 2 | R13: 6
A14: J. Thomson | B14: 0 | C14: 0 | D14: 3 | E14: 0 | F14: 0 | G14: 0 | H14: 0 | I14: =SUM(B14:H14) -> 3 | J14: 70 | K14: =J14*$J$30 -> 151690 | L14: =J14+RAND()*6 -> 75.301412 | M14: =J14+L14 -> 145.30141 | N14: =RANK(M14,$M$4:$M$29,0) -> 17 | O14: =IF(RAND()<0.08,"DNF","OK") -> OK | Q14: 3 | R14: 4
A15: G. Farina | B15: DNF | C15: 2 | D15: 0 | E15: 0 | F15: DNF | G15: 0 | H15: DNF | I15: =SUM(B15:H15) -> 2 | J15: 94 | K15: =J15*$J$30 -> 203698 | L15: =J15+RAND()*6 -> 99.129394 | M15: =J15+L15 -> 193.12939 | N15: =RANK(M15,$M$4:$M$29,0) -> 4 | O15: =IF(RAND()<0.08,"DNF","OK") -> OK | Q15: 4 | R15: 3
A16: W. Faulkner | B16: 0 | C16: 0 | D16: 1 | E16: 0 | F16: 0 | G16: 0 | H16: 0 | I16: =SUM(B16:H16) -> 1 | J16: 70 | K16: =J16*$J$30 -> 151690 | L16: =J16+RAND()*6 -> 72.201987 | M16: =J16+L16 -> 142.20199 | N16: =RANK(M16,$M$4:$M$29,0) -> 21 | O16: =IF(RAND()<0.08,"DNF","OK") -> DNF | Q16: 5 | R16: 2
A17: B. Homeier | B17: 0 | C17: 0 | D17: 1 | E17: 0 | F17: 0 | G17: 0 | H17: 0 | I17: =SUM(B17:H17) -> 1 | J17: 70 | K17: =J17*$J$30 -> 151690 | L17: =J17+RAND()*6 -> 72.179772 | M17: =J17+L17 -> 142.17977 | N17: =RANK(M17,$M$4:$M$29,0) -> 22 | O17: =IF(RAND()<0.08,"DNF","OK") -> DNF | Q17: 6 | R17: 0
A18: P. Taruffi | B18: 0 | C18: 0 | D18: 0 | E18: 0 | F18: 0 | G18: 0 | H18: DNF | I18: =SUM(B18:H18) -> 0 | J18: 93 | K18: =J18*$J$30 -> 201531 | L18: =J18+RAND()*6 -> 94.384405 | M18: =J18+L18 -> 187.38441 | N18: =RANK(M18,$M$4:$M$29,0) -> 8 | O18: =IF(RAND()<0.08,"DNF","OK") -> OK | Q18: 7 | R18: 0
A19: R. Mieres | B19: 0 | C19: 0 | D19: 0 | E19: 0 | F19: 0 | G19: 0 | H19: 0 | I19: =SUM(B19:H19) -> 0 | J19: 91 | K19: =J19*$J$30 -> 197197 | L19: =J19+RAND()*6 -> 93.002072 | M19: =J19+L19 -> 184.00207 | N19: =RANK(M19,$M$4:$M$29,0) -> 10 | O19: =IF(RAND()<0.08,"DNF","OK") -> OK | Q19: 8 | R19: 0
A20: J. Behra | B20: DNF | C20: DNF | D20: 0 | E20: DNF | F20: 0 | G20: 0 | H20: DNF | I20: =SUM(B20:H20) -> 0 | J20: 92 | K20: =J20*$J$30 -> 199364 | L20: =J20+RAND()*6 -> 94.000025 | M20: =J20+L20 -> 186.00003 | N20: =RANK(M20,$M$4:$M$29,0) -> 9 | O20: =IF(RAND()<0.08,"DNF","OK") -> OK | Q20: 9 | R20: 0
A21: L. Musso | B21: 0 | C21: 0 | D21: 0 | E21: 0 | F21: 0 | G21: 0 | H21: 0 | I21: =SUM(B21:H21) -> 0 | J21: 90 | K21: =J21*$J$30 -> 195030 | L21: =J21+RAND()*6 -> 93.920518 | M21: =J21+L21 -> 183.92052 | N21: =RANK(M21,$M$4:$M$29,0) -> 11 | O21: =IF(RAND()<0.08,"DNF","OK") -> OK | Q21: 10 | R21: 0
A22: K. Kling | B22: DNF | C22: 0 | D22: 0 | E22: 0 | F22: 0 | G22: 0 | H22: DNF | I22: =SUM(B22:H22) -> 0 | J22: 90 | K22: =J22*$J$30 -> 195030 | L22: =J22+RAND()*6 -> 92.020048 | M22: =J22+L22 -> 182.02005 | N22: =RANK(M22,$M$4:$M$29,0) -> 12 | O22: =IF(RAND()<0.08,"DNF","OK") -> OK
A23: P. Frere | B23: 0 | C23: 0 | D23: 0 | E23: 0 | F23: 0 | G23: 0 | H23: 0 | I23: =SUM(B23:H23) -> 0 | J23: 89 | K23: =J23*$J$30 -> 192863 | L23: =J23+RAND()*6 -> 90.14533 | M23: =J23+L23 -> 179.14533 | N23: =RANK(M23,$M$4:$M$29,0) -> 13 | O23: =IF(RAND()<0.08,"DNF","OK") -> OK
A24: C. Perdisa | B24: 0 | C24: 0 | D24: 0 | E24: 0 | F24: DNF | G24: 0 | H24: 0 | I24: =SUM(B24:H24) -> 0 | J24: 70 | K24: =J24*$J$30 -> 151690 | L24: =J24+RAND()*6 -> 73.124666 | M24: =J24+L24 -> 143.12467 | N24: =RANK(M24,$M$4:$M$29,0) -> 19 | O24: =IF(RAND()<0.08,"DNF","OK") -> OK
A25: C. Menditeguy | B25: 0 | C25: 0 | D25: 0 | E25: 0 | F25: 0 | G25: 0 | H25: 0 | I25: =SUM(B25:H25) -> 0 | J25: 87 | K25: =J25*$J$30 -> 188529 | L25: =J25+RAND()*6 -> 88.772859 | M25: =J25+L25 -> 175.77286 | N25: =RANK(M25,$M$4:$M$29,0) -> 14 | O25: =IF(RAND()<0.08,"DNF","OK") -> OK
A26: U. Magioli | B26: DNF | C26: 0 | D26: 0 | E26: 0 | F26: 0 | G26: 0 | H26: DNF | I26: =SUM(B26:H26) -> 0 | J26: 85 | K26: =J26*$J$30 -> 184195 | L26: =J26+RAND()*6 -> 86.929921 | M26: =J26+L26 -> 171.92992 | N26: =RANK(M26,$M$4:$M$29,0) -> 15 | O26: =IF(RAND()<0.08,"DNF","OK") -> OK
A27: H. Herrmann | B27: 0 | C27: 0 | D27: 0 | E27: 0 | F27: 0 | G27: 0 | H27: 0 | I27: =SUM(B27:H27) -> 0 | J27: 85 | K27: =J27*$J$30 -> 184195 | L27: =J27+RAND()*6 -> 86.608584 | M27: =J27+L27 -> 171.60858 | N27: =RANK(M27,$M$4:$M$29,0) -> 16 | O27: =IF(RAND()<0.08,"DNF","OK") -> OK
A28: B. Vukovic | B28: 0 | C28: 0 | D28: 0 | E28: 0 | F28: 0 | G28: 0 | H28: 0 | I28: =SUM(B28:H28) -> 0 | J28: 70 | K28: =J28*$J$30 -> 151690 | L28: =J28+RAND()*6 -> 73.021001 | M28: =J28+L28 -> 143.021 | N28: =RANK(M28,$M$4:$M$29,0) -> 20 | O28: =IF(RAND()<0.08,"DNF","OK") -> OK
A29: M. Hawthorn | B29: DNF | C29: 0 | D29: 0 | E29: 0 | F29: 0 | G29: 0 | H29: 0 | I29: =SUM(B29:H29) -> 0 | J29: 70 | K29: =J29*$J$30 -> 151690 | L29: =J29+RAND()*6 -> 70.414679 | M29: =J29+L29 -> 140.41468 | N29: =RANK(M29,$M$4:$M$29,0) -> 25 | O29: =IF(RAND()<0.08,"DNF","OK") -> OK
J30: =SUM(J4:J29) -> 2167

Sheet 1956
A1: Formula 1 - Stagione 1956
A3: Pilota | B3: Argentina | C3: Monaco | D3: Indianapolis | E3: Belgio | F3: Francia | G3: Gran Bretagna | H3: Germania | I3: Italia | J3: Totale | K3: Overall | L3: Colonna1 | M3: Random | N3: Performance | O3: Posizione Finale | P3: Colonna2 | R3: COME FUNZIONA
A4: J. Fangio | B4: 8 | C4: 8 | D4: 0 | E4: 3 | F4: 8 | G4: 9 | H4: 9 | I4: 8 | J4: =SUM(B4:I4) -> 53 | K4: 97 | L4: =K4*$K$31 -> 219899 | M4: =K4+RAND()*6 -> 97.983077 | N4: =K4+M4 -> 194.98308 | O4: =RANK(N4,$N$4:$N$29,0) -> 3 | P4: =IF(RAND()<0.08,"DNF","OK") -> OK | R4: 1. Modifica l'Overall dei piloti
A5: S. Moss | B5: 7 | C5: 6 | D5: 0 | E5: 9 | F5: 7 | G5: 6 | H5: 6 | I5: 7 | J5: =SUM(B5:I5) -> 48 | K5: 97 | L5: =K5*$K$30 -> 6790 | M5: =K5+RAND()*6 -> 101.87397 | N5: =K5+M5 -> 198.87397 | O5: =RANK(N5,$N$4:$N$29,0) -> 1 | P5: =IF(RAND()<0.08,"DNF","OK") -> OK | R5: 2. Premi F9 in Excel per rigenerare la casualità
A6: J. Behra | B6: 4 | C6: 2 | D6: 0 | E6: 2 | F6: 1 | G6: 4 | H6: 4 | I6: 2 | J6: =SUM(B6:I6) -> 19 | K6: 95 | L6: =K6*$K$30 -> 6650 | M6: =K6+RAND()*6 -> 97.885857 | N6: =K6+M6 -> 192.88586 | O6: =RANK(N6,$N$4:$N$29,0) -> 5 | P6: =IF(RAND()<0.08,"DNF","OK") -> OK | R6: 3. Il valore Random simula incidenti, meteo, fortuna ecc.
A7: L. Villoresi | B7: 1 | C7: 4 | D7: 0 | E7: 4 | F7: 0 | G7: 1 | H7: 2 | I7: 4 | J7: =SUM(B7:I7) -> 16 | K7: 95 | L7: =K7*$K$30 -> 6650 | M7: =K7+RAND()*6 -> 99.326781 | N7: =K7+M7 -> 194.32678 | O7: =RANK(N7,$N$4:$N$29,0) -> 4 | P7: =IF(RAND()<0.08,"DNF","OK") -> OK | R7: 4. Performance = Overall + Casualità
A8: E. Castellotti | B8: 0 | C8: 3 | D8: 0 | E8: 0 | F8: 4 | G8: 0 | H8: 3 | I8: 0 | J8: =SUM(B8:I8) -> 10 | K8: 94 | L8: =K8*$K$30 -> 6580 | M8: =K8+RAND()*6 -> 94.756322 | N8: =K8+M8 -> 188.75632 | O8: =RANK(N8,$N$4:$N$29,0) -> 7 | P8: =IF(RAND()<0.08,"DNF","OK") -> OK | R8: 5. Posizione Finale aggiornata automaticamente
A9: P. Collins | B9: 0 | C9: DNF | D9: 0 | E9: 6 | F9: 0 | G9: 2 | H9: DNF | I9: DNF | J9: =SUM(B9:I9) -> 8 | K9: 95 | L9: =K9*$K$30 -> 6650 | M9: =K9+RAND()*6 -> 100.65314 | N9: =K9+M9 -> 195.65314 | O9: =RANK(N9,$N$4:$N$29,0) -> 2 | P9: =IF(RAND()<0.08,"DNF","OK") -> OK
A10: P. Flaherty | B10: 0 | C10: DNF | D10: 8 | E10: 0 | F10: 0 | G10: 0 | H10: 0 | I10: 0 | J10: =SUM(B10:I10) -> 8 | K10: 70 | L10: =K10*$K$30 -> 4900 | M10: =K10+RAND()*6 -> 75.206588 | N10: =K10+M10 -> 145.20659 | O10: =RANK(N10,$N$4:$N$29,0) -> 21 | P10: =IF(RAND()<0.08,"DNF","OK") -> OK
A11: M. Hawthorn | B11: 2 | C11: 0 | D11: 0 | E11: 0 | F11: 2 | G11: 0 | H11: 0 | I11: 3 | J11: =SUM(B11:I11) -> 7 | K11: 94 | L11: =K11*$K$30 -> 6580 | M11: =K11+RAND()*6 -> 97.649781 | N11: =K11+M11 -> 191.64978 | O11: =RANK(N11,$N$4:$N$29,0) -> 6 | P11: =IF(RAND()<0.08,"DNF","OK") -> OK | R11: Sistema Punti
A12: S. Hanks | B12: 0 | C12: 0 | D12: 6 | E12: 0 | F12: 0 | G12: 0 | H12: 0 | I12: 0 | J12: =SUM(B12:I12) -> 6 | K12: 70 | L12: =K12*$K$30 -> 4900 | M12: =K12+RAND()*6 -> 71.291271 | N12: =K12+M12 -> 141.29127 | O12: =RANK(N12,$N$4:$N$29,0) -> 26 | P12: =IF(RAND()<0.08,"DNF","OK") -> OK | R12: 1 | S12: 8
A13: D. Freeland | B13: 0 | C13: 0 | D13: 4 | E13: 0 | F13: 0 | G13: 0 | H13: 0 | I13: 0 | J13: =SUM(B13:I13) -> 4 | K13: 70 | L13: =K13*$K$30 -> 4900 | M13: =K13+RAND()*6 -> 74.335976 | N13: =K13+M13 -> 144.33598 | O13: =RANK(N13,$N$4:$N$29,0) -> 22 | P13: =IF(RAND()<0.08,"DNF","OK") -> OK | R13: 2 | S13: 6
A14: J. Parsons | B14: 0 | C14: 0 | D14: 3 | E14: DNF | F14: 0 | G14: 0 | H14: 0 | I14: 0 | J14: =SUM(B14:I14) -> 3 | K14: 79 | L14: =K14*$K$30 -> 5530 | M14: =K14+RAND()*6 -> 81.138503 | N14: =K14+M14 -> 160.1385 | O14: =RANK(N14,$N$4:$N$29,0) -> 18 | P14: =IF(RAND()<0.08,"DNF","OK") -> OK | R14: 3 | S14: 4
A15: D. Rathmann | B15: 0 | C15: 0 | D15: 2 | E15: 0 | F15: 0 | G15: 0 | H15: 0 | I15: 0 | J15: =SUM(B15:I15) -> 2 | K15: 70 | L15: =K15*$K$30 -> 4900 | M15: =K15+RAND()*6 -> 72.139196 | N15: =K15+M15 -> 142.1392 | O15: =RANK(N15,$N$4:$N$29,0) -> 24 | P15: =IF(RAND()<0.08,"DNF","OK") -> OK | R15: 4 | S15: 3
A16: P. Frere | B16: 0 | C16: 0 | D16: 0 | E16: 0 | F16: 0 | G16: 0 | H16: 0 | I16: 0 | J16: =SUM(B16:I16) -> 0 | K16: 70 | L16: =K16*$K$30 -> 4900 | M16: =K16+RAND()*6 -> 75.729434 | N16: =K16+M16 -> 145.72943 | O16: =RANK(N16,$N$4:$N$29,0) -> 20 | P16: =IF(RAND()<0.08,"DNF","OK") -> DNF | R16: 5 | S16: 2
A17: F. Godia-Sales | B17: 0 | C17: 0 | D17: 0 | E17: 0 | F17: 0 | G17: DNF | H17: 0 | I17: DNF | J17: =SUM(B17:I17) -> 0 | K17: 89 | L17: =K17*$K$30 -> 6230 | M17: =K17+RAND()*6 -> 92.805027 | N17: =K17+M17 -> 181.80503 | O17: =RANK(N17,$N$4:$N$29,0) -> 10 | P17: =IF(RAND()<0.08,"DNF","OK") -> OK | R17: 6 | S17: 0
A18: H. Fairman | B18: 0 | C18: 0 | D18: 0 | E18: 0 | F18: 0 | G18: 0 | H18: 0 | I18: 0 | J18: =SUM(B18:I18) -> 0 | K18: 85 | L18: =K18*$K$30 -> 5950 | M18: =K18+RAND()*6 -> 85.34693 | N18: =K18+M18 -> 170.34693 | O18: =RANK(N18,$N$4:$N$29,0) -> 17 | P18: =IF(RAND()<0.08,"DNF","OK") -> OK | R18: 7 | S18: 0
A19: L. Musso | B19: 0 | C19: 0 | D19: 0 | E19: 0 | F19: DNF | G19: 0 | H19: 0 | I19: 0 | J19: =SUM(B19:I19) -> 0 | K19: 89 | L19: =K19*$K$30 -> 6230 | M19: =K19+RAND()*6 -> 92.703469 | N19: =K19+M19 -> 181.70347 | O19: =RANK(N19,$N$4:$N$29,0) -> 11 | P19: =IF(RAND()<0.08,"DNF","OK") -> OK | R19: 8 | S19: 0
A20: R. Flockhart | B20: 0 | C20: 0 | D20: 0 | E20: 0 | F20: 0 | G20: 0 | H20: 0 | I20: 0 | J20: =SUM(B20:I20) -> 0 | K20: 75 | L20: =K20*$K$30 -> 5250 | M20: =K20+RAND()*6 -> 77.508624 | N20: =K20+M20 -> 152.50862 | O20: =RANK(N20,$N$4:$N$29,0) -> 19 | P20: =IF(RAND()<0.08,"DNF","OK") -> OK | R20: 9 | S20: 0
A21: C. Perdisa | B21: 0 | C21: 0 | D21: 0 | E21: 0 | F21: 0 | G21: 0 | H21: DNF | I21: 0 | J21: =SUM(B21:I21) -> 0 | K21: 89 | L21: =K21*$K$30 -> 6230 | M21: =K21+RAND()*6 -> 90.502221 | N21: =K21+M21 -> 179.50222 | O21: =RANK(N21,$N$4:$N$29,0) -> 14 | P21: =IF(RAND()<0.08,"DNF","OK") -> DNF | R21: 10 | S21: 0
A22: H. Schell | B22: 0 | C22: 0 | D22: 0 | E22: 0 | F22: 0 | G22: 0 | H22: 0 | I22: 0 | J22: =SUM(B22:I22) -> 0 | K22: 90 | L22: =K22*$K$30 -> 6300 | M22: =K22+RAND()*6 -> 93.576133 | N22: =K22+M22 -> 183.57613 | O22: =RANK(N22,$N$4:$N$29,0) -> 9 | P22: =IF(RAND()<0.08,"DNF","OK") -> OK
A23: A. de Portago | B23: 0 | C23: 0 | D23: 0 | E23: 0 | F23: 0 | G23: 0 | H23: 0 | I23: 0 | J23: =SUM(B23:I23) -> 0 | K23: 88 | L23: =K23*$K$30 -> 6160 | M23: =K23+RAND()*6 -> 89.397997 | N23: =K23+M23 -> 177.398 | O23: =RANK(N23,$N$4:$N$29,0) -> 15 | P23: =IF(RAND()<0.08,"DNF","OK") -> OK
A24: L. Rosier | B24: 0 | C24: 0 | D24: 0 | E24: 0 | F24: 0 | G24: 0 | H24: 0 | I24: 0 | J24: =SUM(B24:I24) -> 0 | K24: 87 | L24: =K24*$K$30 -> 6090 | M24: =K24+RAND()*6 -> 88.341512 | N24: =K24+M24 -> 175.34151 | O24: =RANK(N24,$N$4:$N$29,0) -> 16 | P24: =IF(RAND()<0.08,"DNF","OK") -> OK
A25: H. da Silva Ramos | B25: 0 | C25: DNF | D25: 0 | E25: 0 | F25: 0 | G25: 0 | H25: 0 | I25: 0 | J25: =SUM(B25:I25) -> 0 | K25: 90 | L25: =K25*$K$30 -> 6300 | M25: =K25+RAND()*6 -> 94.608405 | N25: =K25+M25 -> 184.60841 | O25: =RANK(N25,$N$4:$N$29,0) -> 8 | P25: =IF(RAND()<0.08,"DNF","OK") -> OK
A26: H. Gould | B26: 0 | C26: 0 | D26: 0 | E26: 0 | F26: 0 | G26: 0 | H26: 0 | I26: 0 | J26: =SUM(B26:I26) -> 0 | K26: 90 | L26: =K26*$K$30 -> 6300 | M26: =K26+RAND()*6 -> 91.369153 | N26: =K26+M26 -> 181.36915 | O26: =RANK(N26,$N$4:$N$29,0) -> 12 | P26: =IF(RAND()<0.08,"DNF","OK") -> OK
A27: O. Gendebien | B27: 0 | C27: 0 | D27: 0 | E27: 0 | F27: 0 | G27: 0 | H27: 0 | I27: DNF | J27: =SUM(B27:I27) -> 0 | K27: 89 | L27: =K27*$K$30 -> 6230 | M27: =K27+RAND()*6 -> 90.783684 | N27: =K27+M27 -> 179.78368 | O27: =RANK(N27,$N$4:$N$29,0) -> 13 | P27: =IF(RAND()<0.08,"DNF","OK") -> OK
A28: G. Gerini | B28: 0 | C28: 0 | D28: 0 | E28: DNF | F28: 0 | G28: DNF | H28: 0 | I28: 0 | J28: =SUM(B28:I28) -> 0 | K28: 70 | L28: =K28*$K$30 -> 4900 | M28: =K28+RAND()*6 -> 73.652324 | N28: =K28+M28 -> 143.65232 | O28: =RANK(N28,$N$4:$N$29,0) -> 23 | P28: =IF(RAND()<0.08,"DNF","OK") -> OK
A29: C. Landi | B29: 0 | C29: 0 | D29: 0 | E29: 0 | F29: 0 | G29: DNF | H29: 0 | I29: 0 | J29: =SUM(B29:I29) -> 0 | K29: 70 | L29: =K29*$K$30 -> 4900 | M29: =K29+RAND()*6 -> 71.357759 | N29: =K29+M29 -> 141.35776 | O29: =RANK(N29:N30,$N$4:$N$29,0) -> 25 | P29: =IF(RAND()<0.08,"DNF","OK") -> OK
A30: P. Russo | B30: 0 | C30: 0 | D30: 0 | E30: 0 | F30: 0 | G30: 0 | H30: 0 | I30: 0 | J30: =SUM(B30:I30) -> 0 | K30: 70 | L30: =K30*$K$30 -> 4900 | M30: =K30+RAND()*6 -> 75.08073 | N30: =K30+M30 -> 145.08073 | O30: =RANK(N30,$N$4:$N$30,0) -> 22 | P30: =IF(RAND()<0.08,"DNF","OK") -> OK
K31: =SUM(K4:K30) -> 2267

Sheet 1957
A1: Formula 1 - Stagione 1957
A3: Pilota | B3: Argentina | C3: Monaco | D3: Indianapolis | E3: Francia | F3: Gran Bretagna | G3: Germania | H3: Pescara | I3: Italia | J3: Totale | K3: Overall | L3: Colonna1 | M3: Random | N3: Performance | O3: Posizione Finale | P3: Colonna2 | R3: COME FUNZIONA
A4: J. Fangio | B4: 8 | C4: 6 | D4: 0 | E4: 9 | F4: 7 | G4: 8 | H4: 9 | I4: 6 | J4: =SUM(B4:I4) -> 53 | K4: 97 | L4: =K4*$K$30 -> 0 | M4: =K4+RAND()*6 -> 102.99004 | N4: =K4+M4 -> 199.99004 | O4: =RANK(N4,$N$4:$N$29,0) -> 1 | P4: =IF(RAND()<0.08,"DNF","OK") -> OK | R4: 1. Modifica l'Overall dei piloti
A5: M. Hawthorn | B5: 6 | C5: 9 | D5: 0 | E5: 6 | F5: 4 | G5: 3 | H5: DNF | I5: 8 | J5: =SUM(B5:I5) -> 36 | K5: 96 | L5: =K5*$K$30 -> 0 | M5: =K5+RAND()*6 -> 97.886767 | N5: =K5+M5 -> 193.88677 | O5: =RANK(N5,$N$4:$N$29,0) -> 3 | P5: =IF(RAND()<0.08,"DNF","OK") -> OK | R5: 2. Premi F9 in Excel per rigenerare la casualità
A6: S. Moss | B6: 5 | C6: DNF | D6: 0 | E6: DNF | F6: 8 | G6: 5 | H6: 6 | I6: 4 | J6: =SUM(B6:I6) -> 28 | K6: 96 | L6: =K6*$K$30 -> 0 | M6: =K6+RAND()*6 -> 97.266004 | N6: =K6+M6 -> 193.266 | O6: =RANK(N6,$N$4:$N$29,0) -> 6 | P6: =IF(RAND()<0.08,"DNF","OK") -> DNF | R6: 3. Il valore Random simula incidenti, meteo, fortuna ecc.
A7: J. Behra | B7: 2 | C7: 3 | D7: 0 | E7: 4 | F7: 3 | G7: 6 | H7: 2 | I7: 0 | J7: =SUM(B7:I7) -> 20 | K7: 95 | L7: =K7*$K$30 -> 0 | M7: =K7+RAND()*6 -> 97.512791 | N7: =K7+M7 -> 192.51279 | O7: =RANK(N7,$N$4:$N$29,0) -> 7 | P7: =IF(RAND()<0.08,"DNF","OK") -> OK | R7: 4. Performance = Overall + Casualità
A8: T. Brooks | B8: 3 | C8: 0 | D8: 0 | E8: 2 | F8: 0 | G8: 0 | H8: 4 | I8: 0 | J8: =SUM(B8:I8) -> 9 | K8: 95 | L8: =K8*$K$30 -> 0 | M8: =K8+RAND()*6 -> 100.70338 | N8: =K8+M8 -> 195.70338 | O8: =RANK(N8,$N$4:$N$29,0) -> 2 | P8: =IF(RAND()<0.08,"DNF","OK") -> OK | R8: 5. Posizione Finale aggiornata automaticamente
A9: S. Hanks | B9: DNF | C9: 0 | D9: 8 | E9: 0 | F9: 0 | G9: 0 | H9: 0 | I9: 0 | J9: =SUM(B9:I9) -> 8 | K9: 70 | L9: =K9*$K$30 -> 0 | M9: =K9+RAND()*6 -> 73.507744 | N9: =K9+M9 -> 143.50774 | O9: =RANK(N9,$N$4:$N$29,0) -> 23 | P9: =IF(RAND()<0.08,"DNF","OK") -> OK
A10: L. Musso | B10: 0 | C10: 0 | D10: 0 | E10: 3 | F10: 0 | G10: 2 | H10: 0 | I10: 3 | J10: =SUM(B10:I10) -> 8 | K10: 95 | L10: =K10*$K$30 -> 0 | M10: =K10+RAND()*6 -> 95.469649 | N10: =K10+M10 -> 190.46965 | O10: =RANK(N10,$N$4:$N$29,0) -> 9 | P10: =IF(RAND()<0.08,"DNF","OK") -> OK
A11: J. Rathmann | B11: 0 | C11: 0 | D11: 7 | E11: 0 | F11: 0 | G11: 0 | H11: 0 | I11: DNF | J11: =SUM(B11:I11) -> 7 | K11: 70 | L11: =K11*$K$30 -> 0 | M11: =K11+RAND()*6 -> 70.015094 | N11: =K11+M11 -> 140.01509 | O11: =RANK(N11,$N$4:$N$29,0) -> 26 | P11: =IF(RAND()<0.08,"DNF","OK") -> OK | R11: Sistema Punti
A12: P. Collins | B12: 0 | C12: 4 | D12: 0 | E12: 0 | F12: 0 | G12: 0 | H12: 0 | I12: 2 | J12: =SUM(B12:I12) -> 6 | K12: 94 | L12: =K12*$K$30 -> 0 | M12: =K12+RAND()*6 -> 99.708091 | N12: =K12+M12 -> 193.70809 | O12: =RANK(N12,$N$4:$N$29,0) -> 4 | P12: =IF(RAND()<0.08,"DNF","OK") -> OK | R12: 1 | S12: 8
A13: W. Von Trips | B13: 0 | C13: 0 | D13: 0 | E13: 0 | F13: 2 | G13: 0 | H13: 3 | I13: 0 | J13: =SUM(B13:I13) -> 5 | K13: 94 | L13: =K13*$K$30 -> 0 | M13: =K13+RAND()*6 -> 99.466557 | N13: =K13+M13 -> 193.46656 | O13: =RANK(N13,$N$4:$N$29,0) -> 5 | P13: =IF(RAND()<0.08,"DNF","OK") -> OK | R13: 2 | S13: 6
A14: J. Bryan | B14: 0 | C14: 0 | D14: 4 | E14: 0 | F14: 0 | G14: DNF | H14: 0 | I14: 0 | J14: =SUM(B14:I14) -> 4 | K14: 70 | L14: =K14*$K$30 -> 0 | M14: =K14+RAND()*6 -> 72.727469 | N14: =K14+M14 -> 142.72747 | O14: =RANK(N14,$N$4:$N$29,0) -> 24 | P14: =IF(RAND()<0.08,"DNF","OK") -> DNF | R14: 3 | S14: 4
A15: P. Russo | B15: 0 | C15: 0 | D15: 3 | E15: 0 | F15: 0 | G15: 0 | H15: 0 | I15: 0 | J15: =SUM(B15:I15) -> 3 | K15: 70 | L15: =K15*$K$30 -> 0 | M15: =K15+RAND()*6 -> 74.915563 | N15: =K15+M15 -> 144.91556 | O15: =RANK(N15,$N$4:$N$29,0) -> 22 | P15: =IF(RAND()<0.08,"DNF","OK") -> OK | R15: 4 | S15: 3
A16: H. Schell | B16: 0 | C16: 2 | D16: 0 | E16: 0 | F16: 0 | G16: 0 | H16: 0 | I16: 0 | J16: =SUM(B16:I16) -> 2 | K16: 93 | L16: =K16*$K$30 -> 0 | M16: =K16+RAND()*6 -> 98.274263 | N16: =K16+M16 -> 191.27426 | O16: =RANK(N16,$N$4:$N$29,0) -> 8 | P16: =IF(RAND()<0.08,"DNF","OK") -> OK | R16: 5 | S16: 2
A17: A. Linden | B17: 0 | C17: 0 | D17: 2 | E17: 0 | F17: 0 | G17: 0 | H17: 0 | I17: 0 | J17: =SUM(B17:I17) -> 2 | K17: 70 | L17: =K17*$K$30 -> 0 | M17: =K17+RAND()*6 -> 70.846209 | N17: =K17+M17 -> 140.84621 | O17: =RANK(N17,$N$4:$N$29,0) -> 25 | P17: =IF(RAND()<0.08,"DNF","OK") -> OK | R17: 6 | S17: 0
A18: M. Gregory | B18: 0 | C18: 0 | D18: 0 | E18: 0 | F18: 0 | G18: 0 | H18: 0 | I18: 0 | J18: =SUM(B18:I18) -> 0 | K18: 93 | L18: =K18*$K$30 -> 0 | M18: =K18+RAND()*6 -> 94.703336 | N18: =K18+M18 -> 187.70334 | O18: =RANK(N18,$N$4:$N$29,0) -> 12 | P18: =IF(RAND()<0.08,"DNF","OK") -> OK | R18: 7 | S18: 0
A19: S. Lewis-Evans | B19: 0 | C19: 0 | D19: 0 | E19: 0 | F19: 0 | G19: 0 | H19: 0 | I19: 0 | J19: =SUM(B19:I19) -> 0 | K19: 92 | L19: =K19*$K$30 -> 0 | M19: =K19+RAND()*6 -> 94.014311 | N19: =K19+M19 -> 186.01431 | O19: =RANK(N19,$N$4:$N$29,0) -> 13 | P19: =IF(RAND()<0.08,"DNF","OK") -> OK | R19: 8 | S19: 0
A20: M. Trintignant | B20: 0 | C20: 0 | D20: 0 | E20: 0 | F20: 0 | G20: 0 | H20: 0 | I20: 0 | J20: =SUM(B20:I20) -> 0 | K20: 93 | L20: =K20*$K$30 -> 0 | M20: =K20+RAND()*6 -> 96.195522 | N20: =K20+M20 -> 189.19552 | O20: =RANK(N20,$N$4:$N$29,0) -> 11 | P20: =IF(RAND()<0.08,"DNF","OK") -> OK | R20: 9 | S20: 0
A21: C. Menditeguy | B21: 0 | C21: 0 | D21: 0 | E21: 0 | F21: 0 | G21: 0 | H21: 0 | I21: 0 | J21: =SUM(B21:I21) -> 0 | K21: 92 | L21: =K21*$K$30 -> 0 | M21: =K21+RAND()*6 -> 97.959258 | N21: =K21+M21 -> 189.95926 | O21: =RANK(N21,$N$4:$N$29,0) -> 10 | P21: =IF(RAND()<0.08,"DNF","OK") -> OK | R21: 10 | S21: 0
A22: R. Salvadori | B22: 0 | C22: 0 | D22: 0 | E22: 0 | F22: 0 | G22: DNF | H22: 0 | I22: DNF | J22: =SUM(B22:I22) -> 0 | K22: 89 | L22: =K22*$K$30 -> 0 | M22: =K22+RAND()*6 -> 91.051699 | N22: =K22+M22 -> 180.0517 | O22: =RANK(N22,$N$4:$N$29,0) -> 15 | P22: =IF(RAND()<0.08,"DNF","OK") -> OK
A23: G. Scarlatti | B23: 0 | C23: 0 | D23: 0 | E23: 0 | F23: 0 | G23: 0 | H23: 0 | I23: 0 | J23: =SUM(B23:I23) -> 0 | K23: 89 | L23: =K23*$K$30 -> 0 | M23: =K23+RAND()*6 -> 92.140997 | N23: =K23+M23 -> 181.141 | O23: =RANK(N23,$N$4:$N$29,0) -> 14 | P23: =IF(RAND()<0.08,"DNF","OK") -> DNF
A24: A. de Portago | B24: 0 | C24: 0 | D24: 0 | E24: 0 | F24: 0 | G24: 0 | H24: 0 | I24: 0 | J24: =SUM(B24:I24) -> 0 | K24: 87 | L24: =K24*$K$30 -> 0 | M24: =K24+RAND()*6 -> 90.73763 | N24: =K24+M24 -> 177.73763 | O24: =RANK(N24,$N$4:$N$29,0) -> 16 | P24: =IF(RAND()<0.08,"DNF","OK") -> OK
A25: J. Gonzalez | B25: 0 | C25: 0 | D25: 0 | E25: 0 | F25: 0 | G25: 0 | H25: 0 | I25: 0 | J25: =SUM(B25:I25) -> 0 | K25: 86 | L25: =K25*$K$30 -> 0 | M25: =K25+RAND()*6 -> 90.052255 | N25: =K25+M25 -> 176.05225 | O25: =RANK(N25,$N$4:$N$29,0) -> 17 | P25: =IF(RAND()<0.08,"DNF","OK") -> OK
A26: J. Brabham | B26: 0 | C26: 0 | D26: 0 | E26: DNF | F26: 0 | G26: 0 | H26: 0 | I26: 0 | J26: =SUM(B26:I26) -> 0 | K26: 84 | L26: =K26*$K$30 -> 0 | M26: =K26+RAND()*6 -> 87.698866 | N26: =K26+M26 -> 171.69887 | O26: =RANK(N26,$N$4:$N$29,0) -> 19 | P26: =IF(RAND()<0.08,"DNF","OK") -> OK
A27: C. Perdisa | B27: 0 | C27: 0 | D27: 0 | E27: 0 | F27: 0 | G27: 0 | H27: 0 | I27: 0 | J27: =SUM(B27:I27) -> 0 | K27: 84 | L27: =K27*$K$30 -> 0 | M27: =K27+RAND()*6 -> 85.007653 | N27: =K27+M27 -> 169.00765 | O27: =RANK(N27,$N$4:$N$29,0) -> 21 | P27: =IF(RAND()<0.08,"DNF","OK") -> OK
A28: J. Bonnier | B28: 0 | C28: 0 | D28: 0 | E28: DNF | F28: 0 | G28: 0 | H28: 0 | I28: 0 | J28: =SUM(B28:I28) -> 0 | K28: 85 | L28: =K28*$K$30 -> 0 | M28: =K28+RAND()*6 -> 89.700072 | N28: =K28+M28 -> 174.70007 | O28: =RANK(N28,$N$4:$N$29,0) -> 18 | P28: =IF(RAND()<0.08,"DNF","OK") -> OK
A29: P. Godia | B29: 0 | C29: 0 | D29: 0 | E29: DNF | F29: DNF | G29: 0 | H29: 0 | I29: 0 | J29: =SUM(B29:I29) -> 0 | K29: 84 | L29: =K29*$K$30 -> 0 | M29: =K29+RAND()*6 -> 85.679671 | N29: =K29+M29 -> 169.67967 | O29: =RANK(N29,$N$4:$N$29,0) -> 20 | P29: =IF(RAND()<0.08,"DNF","OK") -> OK

Sheet 1958
A1: Formula 1 - Stagione 1958
A3: Pilota | B3: Team | C3: Argentina | D3: Monaco | E3: Paesi Bassi | F3: Indianapolis | G3: Belgio | H3: Francia | I3: Gran Bretagna | J3: Germania | K3: Portogallo | L3: Italia | M3: Marocco | N3: Totale | O3: Overall | P3: Colonna1 | Q3: Random | R3: Performance | S3: Posizione Finale | T3: Colonna2
A4: M. Hawthorn | B4: Ferrari | C4: 7 | D4: 9 | E4: 8 | F4: - | G4: 9 | H4: 6 | I4: 6 | J4: DNF | K4: 9 | L4: 6 | M4: 8 | N4: =SUM(C4:M4) -> 68 | O4: 97 | P4: =O4*$O$25 -> 175570 | Q4: =O4+RAND()*6 -> 98.875948 | R4: =O4+Q4 -> 195.87595 | S4: =RANK(R4,$R$4:$R$24,0) -> 1 | T4: =IF(RAND()<0.08,"DNF","OK") -> OK
A5: S. Moss | B5: Vanwall | C5: 8 | D5: 6 | E5: 5 | F5: - | G5: 4 | H5: 9 | I5: 9 | J5: 6 | K5: 6 | L5: 5 | M5: 5 | N5: =SUM(C5:M5) -> 63 | O5: 97 | P5: =O5*$O$25 -> 175570 | Q5: =O5+RAND()*6 -> 97.73743 | R5: =O5+Q5 -> 194.73743 | S5: =RANK(R5,$R$4:$R$24,0) -> 2 | T5: =IF(RAND()<0.08,"DNF","OK") -> OK
A6: R. Salvadori | B6: Cooper - Climax | C6: - | D6: 3 | E6: 6 | F6: - | G6: 3 | H6: DNF | I6: 3 | J6: 4 | K6: 3 | L6: 2 | M6: 6 | N6: =SUM(C6:M6) -> 30 | O6: 95 | P6: =O6*$O$25 -> 171950 | Q6: =O6+RAND()*6 -> 96.235698 | R6: =O6+Q6 -> 191.2357 | S6: =RANK(R6,$R$4:$R$24,0) -> 5 | T6: =IF(RAND()<0.08,"DNF","OK") -> OK
A7: T. Brooks | B7: Vanwall | C7: - | D7: 2 | E7: 0 | F7: - | G7: 0 | H7: 4 | I7: 4 | J7: 9 | K7: DNF | L7: 8 | M7: 3 | N7: =SUM(C7:M7) -> 30 | O7: 96 | P7: =O7*$O$25 -> 173760 | Q7: =O7+RAND()*6 -> 96.752025 | R7: =O7+Q7 -> 192.75202 | S7: =RANK(R7,$R$4:$R$24,0) -> 4 | T7: =IF(RAND()<0.08,"DNF","OK") -> DNF
A8: P. Collins | B8: Ferrari | C8: 4 | D8: 4 | E8: 0 | F8: - | G8: 6 | H8: 2 | I8: 0 | J8: 2 | K8: - | L8: - | M8: - | N8: =SUM(C8:M8) -> 18 | O8: 95 | P8: =O8*$O$25 -> 171950 | Q8: =O8+RAND()*6 -> 97.945044 | R8: =O8+Q8 -> 192.94504 | S8: =RANK(R8,$R$4:$R$24,0) -> 3 | T8: =IF(RAND()<0.08,"DNF","OK") -> OK
A9: M. Trintignant | B9: Cooper - Climax | C9: - | D9: DNF | E9: 0 | F9: - | G9: 2 | H9: 0 | I9: 2 | J9: 3 | K9: 4 | L9: 3 | M9: 0 | N9: =SUM(C9:M9) -> 14 | O9: 94 | P9: =O9*$O$25 -> 170140 | Q9: =O9+RAND()*6 -> 95.881503 | R9: =O9+Q9 -> 189.8815 | S9: =RANK(R9,$R$4:$R$24,0) -> 6 | T9: =IF(RAND()<0.08,"DNF","OK") -> OK
A10: J. Behra | B10: BRM | C10: 0 | D10: 0 | E10: 2 | F10: - | G10: 0 | H10: 3 | I10: 0 | J10: 0 | K10: 2 | L10: 0 | M10: 2 | N10: =SUM(C10:M10) -> 9 | O10: 93 | P10: =O10*$O$25 -> 168330 | Q10: =O10+RAND()*6 -> 96.063833 | R10: =O10+Q10 -> 189.06383 | S10: =RANK(R10,$R$4:$R$24,0) -> 7 | T10: =IF(RAND()<0.08,"DNF","OK") -> OK
A11: J. Bryan | C11: - | D11: - | E11: - | F11: 8 | G11: - | H11: - | I11: - | J11: - | K11: - | L11: - | M11: - | N11: =SUM(C11:M11) -> 8 | O11: 70 | P11: =O11*$O$25 -> 126700 | Q11: =O11+RAND()*6 -> 75.956459 | R11: =O11+Q11 -> 145.95646 | S11: =RANK(R11,$R$4:$R$24,0) -> 18 | T11: =IF(RAND()<0.08,"DNF","OK") -> OK
A12: L. Musso | B12: Ferrari | C12: 3 | D12: 0 | E12: 3 | F12: - | G12: DNF | H12: 0 | I12: - | J12: - | K12: - | L12: - | M12: - | N12: =SUM(C12:M12) -> 6 | O12: 94 | P12: =O12*$O$25 -> 170140 | Q12: =O12+RAND()*6 -> 94.25548 | R12: =O12+Q12 -> 188.25548 | S12: =RANK(R12,$R$4:$R$24,0) -> 8 | T12: =IF(RAND()<0.08,"DNF","OK") -> OK
A13: G. Amick | C13: - | D13: - | E13: - | F13: 6 | G13: - | H13: - | I13: - | J13: - | K13: - | L13: - | M13: - | N13: =SUM(C13:M13) -> 6 | O13: 70 | P13: =O13*$O$25 -> 126700 | Q13: =O13+RAND()*6 -> 75.457512 | R13: =O13+Q13 -> 145.45751 | S13: =RANK(R13,$R$4:$R$24,0) -> 19 | T13: =IF(RAND()<0.08,"DNF","OK") -> OK | W13: 1 | X13: 8
A14: J. Boyd | C14: - | D14: - | E14: - | F14: 4 | G14: - | H14: - | I14: - | J14: - | K14: - | L14: - | M14: - | N14: =SUM(C14:M14) -> 4 | O14: 70 | P14: =O14*$O$25 -> 126700 | Q14: =O14+RAND()*6 -> 73.275481 | R14: =O14+Q14 -> 143.27548 | S14: =RANK(R14,$R$4:$R$24,0) -> 20 | T14: =IF(RAND()<0.08,"DNF","OK") -> OK | W14: 2 | X14: 6
A15: T. Bettenhausen | C15: - | D15: - | E15: - | F15: 4 | G15: - | H15: - | I15: - | J15: - | K15: - | L15: - | M15: - | N15: =SUM(C15:M15) -> 4 | O15: 70 | P15: =O15*$O$25 -> 126700 | Q15: =O15+RAND()*6 -> 70.902809 | R15: =O15+Q15 -> 140.90281 | S15: =RANK(R15,$R$4:$R$24,0) -> 21 | T15: =IF(RAND()<0.08,"DNF","OK") -> OK | W15: 3 | X15: 4
A16: H. Schell | B16: BRM | C16: 2 | D16: 0 | E16: 0 | F16: - | G16: 0 | H16: 0 | I16: 0 | J16: 0 | K16: 0 | L16: 0 | M16: 0 | N16: =SUM(C16:M16) -> 2 | O16: 89 | P16: =O16*$O$25 -> 161090 | Q16: =O16+RAND()*6 -> 90.670031 | R16: =O16+Q16 -> 179.67003 | S16: =RANK(R16,$R$4:$R$24,0) -> 12 | T16: =IF(RAND()<0.08,"DNF","OK") -> OK | W16: 4 | X16: 3
A17: J. Rathmann | C17: - | D17: - | E17: - | F17: 2 | G17: - | H17: - | I17: - | J17: - | K17: - | L17: - | M17: - | N17: =SUM(C17:M17) -> 2 | O17: 70 | P17: =O17*$O$25 -> 126700 | Q17: =O17+RAND()*6 -> 75.966775 | R17: =O17+Q17 -> 145.96677 | S17: =RANK(R17,$R$4:$R$24,0) -> 17 | T17: =IF(RAND()<0.08,"DNF","OK") -> OK | W17: 5 | X17: 2
A18: J. Fangio | B18: Maserati | C18: 0 | D18: - | E18: - | F18: 0 | G18: - | H18: 0 | I18: - | J18: - | K18: - | L18: - | M18: - | N18: =SUM(C18:M18) -> 0 | O18: 89 | P18: =O18*$O$25 -> 161090 | Q18: =O18+RAND()*6 -> 89.578214 | R18: =O18+Q18 -> 178.57821 | S18: =RANK(R18,$R$4:$R$24,0) -> 13 | T18: =IF(RAND()<0.08,"DNF","OK") -> OK | W18: 6 | X18: 0
A19: S. Lewis-Evans | B19: Vanwall | C19: - | D19: 0 | E19: 0 | F19: - | G19: 0 | H19: DNF | I19: 0 | J19: 0 | K19: 0 | L19: 0 | M19: 0 | N19: =SUM(C19:M19) -> 0 | O19: 90 | P19: =O19*$O$25 -> 162900 | Q19: =O19+RAND()*6 -> 92.40105 | R19: =O19+Q19 -> 182.40105 | S19: =RANK(R19,$R$4:$R$24,0) -> 9 | T19: =IF(RAND()<0.08,"DNF","OK") -> OK | W19: 7 | X19: 0
A20: P. Hill | B20: Ferrari | C20: - | D20: - | E20: - | F20: - | G20: - | H20: 0 | I20: - | J20: 0 | K20: 0 | L20: 0 | M20: 0 | N20: =SUM(C20:M20) -> 0 | O20: 88 | P20: =O20*$O$25 -> 159280 | Q20: =O20+RAND()*6 -> 93.404038 | R20: =O20+Q20 -> 181.40404 | S20: =RANK(R20,$R$4:$R$24,0) -> 11 | T20: =IF(RAND()<0.08,"DNF","OK") -> OK | W20: 8 | X20: 0
A21: V. Trips | B21: Ferrari | C21: 0 | D21: 0 | E21: - | F21: - | G21: - | H21: 0 | I21: 0 | J21: 0 | K21: 0 | L21: 0 | M21: - | N21: =SUM(C21:M21) -> 0 | O21: 89 | P21: =O21*$O$25 -> 161090 | Q21: =O21+RAND()*6 -> 92.874727 | R21: =O21+Q21 -> 181.87473 | S21: =RANK(R21,$R$4:$R$24,0) -> 10 | T21: =IF(RAND()<0.08,"DNF","OK") -> OK | W21: 9 | X21: 0
A22: J. Brabham | B22: Cooper - Climax | C22: - | D22: DNF | E22: 0 | F22: - | G22: 0 | H22: 0 | I22: 0 | J22: 0 | K22: 0 | L22: 0 | M22: 0 | N22: =SUM(C22:M22) -> 0 | O22: 85 | P22: =O22*$O$25 -> 153850 | Q22: =O22+RAND()*6 -> 85.232552 | R22: =O22+Q22 -> 170.23255 | S22: =RANK(R22,$R$4:$R$24,0) -> 15 | T22: =IF(RAND()<0.08,"DNF","OK") -> OK | W22: 10 | X22: 0
A23: C. Allison | B23: Lotus-Climax | C23: - | D23: 0 | E23: 0 | F23: - | G23: 0 | H23: DNF | I23: 0 | J23: 0 | K23: 0 | L23: 0 | M23: 0 | N23: =SUM(C23:M23) -> 0 | O23: 84 | P23: =O23*$O$25 -> 152040 | Q23: =O23+RAND()*6 -> 85.682904 | R23: =O23+Q23 -> 169.6829 | S23: =RANK(R23,$R$4:$R$24,0) -> 16 | T23: =IF(RAND()<0.08,"DNF","OK") -> OK
A24: J. Bonnier | B24: BRM | C24: 0 | D24: DNF | E24: 0 | F24: - | G24: 0 | H24: 0 | I24: 0 | J24: 0 | K24: 0 | L24: 0 | M24: 0 | N24: =SUM(C24:M24) -> 0 | O24: 85 | P24: =O24*$O$25 -> 153850 | Q24: =O24+RAND()*6 -> 90.83074 | R24: =O24+Q24 -> 175.83074 | S24: =RANK(R24,$R$4:$R$24,0) -> 14 | T24: =IF(RAND()<0.08,"DNF","OK") -> OK
O25: =SUM(O4:O24) -> 1810
A31: Vanwall | B31: =SUMIF(B4:B24,A31,$N$4:$N$24) -> 93
A32: Ferrari | B32: =SUMIF(B3:B25,A32,$N$4:$N$24) -> 83
A33: Cooper - Climax | B33: =SUMIF(B4:B25,A33,$N$4:$N$24) -> 44
A34: BRM | B34: =SUMIF(B4:B24,A34,$N$4:$N$24) -> 11
A35: Maserati | B35: =SUMIF(B4:B24,A35,$N$4:$N$24) -> 0
A36: Lotus-Climax | B36: =SUMIF(B4:B24,A36,$N$4:$N$24) -> 0

Sheet 1959
A1: Formula 1 - Stagione 1959
A3: Pilota | B3: Team | C3: Monaco | D3: Indianapolis | E3: Paesi Bassi | F3: Francia | G3: Gran Bretagna | H3: Germania | I3: Portogallo | J3: Italia | K3: Stati Uniti | L3: Totale | M3: Velocità | N3: Affidabilità | O3: Talento | P3: Overall | Q3: Colonna1 | R3: Random | S3: Performance | T3: Posizione Finale | U3: Colonna2
A4: J. Brabham | B4: Cooper - Climax | C4: 7 | D4: - | E4: 9 | F4: 7 | G4: 9 | H4: 9 | I4: 9 | J4: 6 | K4: 6 | L4: =SUM(C4:K4) -> 62 | M4: 10 | N4: 8 | O4: 9 | P4: =M4+N4+O4+69 -> 96 | Q4: =P4*$P$23 -> 152928 | R4: =P4+RAND()*6 -> 100.204 | S4: =P4+R4 -> 196.204 | T4: =RANK(S4,$S$4:$S$22,0) -> 1 | U4: =IF(RAND()<0.2-(N4)/50,"DNF","OK") -> OK
A5: S. Moss | B5: BRM | C5: 8 | D5: - | E5: 6 | F5: 8 | G5: 6 | H5: 6 | I5: DNF | J5: 9 | K5: 8 | L5: =SUM(C5:K5) -> 51 | M5: 9 | N5: 8 | O5: 9 | P5: =M5+N5+O5+69 -> 95 | Q5: =P5*$P$23 -> 146556 | R5: =P5+RAND()*6 -> 97.463686 | S5: =P5+R5 -> 192.46369 | T5: =RANK(S5,$S$4:$S$22,0) -> 2 | U5: =IF(RAND()<0.2-(N5)/50,"DNF","OK") -> OK
A6: P. Hill | B6: Ferrari | C6: 3 | D6: - | E6: 3 | F6: 4 | G6: 4 | H6: 3 | I6: 2 | J6: 4 | K6: 3 | L6: =SUM(C6:K6) -> 26 | M6: 8 | N6: 7 | O6: 9 | P6: =M6+N6+O6+69 -> 93 | Q6: =P6*$P$23 -> 151335 | R6: =P6+RAND()*6 -> 95.514277 | S6: =P6+R6 -> 188.51428 | T6: =RANK(S6,$S$4:$S$22,0) -> 3 | U6: =IF(RAND()<0.2-(N6)/50,"DNF","OK") -> OK
A7: T. Brooks | B7: Ferrari | C7: 2 | D7: - | E7: 4 | F7: 0 | G7: 3 | H7: 4 | I7: 6 | J7: 3 | K7: 4 | L7: =SUM(C7:K7) -> 26 | M7: 8 | N7: 8 | O7: 7 | P7: =M7+N7+O7+69 -> 92 | Q7: =P7*$P$23 -> 148149 | R7: =P7+RAND()*6 -> 92.205014 | S7: =P7+R7 -> 184.20501 | T7: =RANK(S7,$S$4:$S$22,0) -> 5 | U7: =IF(RAND()<0.2-(N7)/50,"DNF","OK") -> OK
A8: B. Mclaren | B8: Cooper - Climax | C8: 4 | D8: - | E8: - | F8: 0 | G8: 2 | H8: 2 | I8: 3 | J8: DNF | K8: 0 | L8: =SUM(C8:K8) -> 11 | M8: 7 | N8: 7 | O8: 9 | P8: =M8+N8+O8+69 -> 92 | Q8: =P8*$P$23 -> 144963 | R8: =P8+RAND()*6 -> 95.777832 | S8: =P8+R8 -> 187.77783 | T8: =RANK(S8,$S$4:$S$22,0) -> 4 | U8: =IF(RAND()<0.2-(N8)/50,"DNF","OK") -> OK
A9: R. Ward | C9: - | D9: 8 | E9: - | F9: - | G9: - | H9: - | I9: - | J9: - | K9: - | L9: =SUM(C9:K9) -> 8 | M9: 0 | N9: 0 | O9: 0 | P9: 70 | Q9: =P9*$P$23 -> 146556 | R9: =P9+RAND()*6 -> 74.465972 | S9: =P9+R9 -> 144.46597 | T9: =RANK(S9,$S$4:$S$22,0) -> 15 | U9: =IF(RAND()<0.2-(N9)/50,"DNF","OK") -> OK
A10: M. Trintignant | B10: Cooper - Climax | C10: 0 | D10: - | E10: 2 | F10: 3 | G10: 0 | H10: 0 | I10: 1 | J10: 0 | K10: 2 | L10: =SUM(C10:K10) -> 8 | M10: 7 | N10: 7 | O10: 8 | P10: =M10+N10+O10+69 -> 91 | Q10: =P10*$P$23 -> 143370 | R10: =P10+RAND()*6 -> 93.127628 | S10: =P10+R10 -> 184.12763 | T10: =RANK(S10,$S$4:$S$22,0) -> 6 | U10: =IF(RAND()<0.2-(N10)/50,"DNF","OK") -> OK
A11: J. Rathmann | C11: - | D11: 6 | E11: - | F11: - | G11: - | H11: - | I11: - | J11: - | K11: - | L11: =SUM(C11:K11) -> 6 | M11: 0 | N11: 0 | O11: 0 | P11: 70 | Q11: =P11*$P$23 -> 138591 | R11: =P11+RAND()*6 -> 70.502145 | S11: =P11+R11 -> 140.50214 | T11: =RANK(S11,$S$4:$S$22,0) -> 19 | U11: =IF(RAND()<0.2-(N11)/50,"DNF","OK") -> OK
A12: J. Thomson | C12: - | D12: 5 | E12: - | F12: - | G12: - | H12: - | I12: - | J12: - | K12: - | L12: =SUM(C12:K12) -> 5 | M12: 0 | N12: 0 | O12: 0 | P12: 70 | Q12: =P12*$P$23 -> 133812 | R12: =P12+RAND()*6 -> 73.268706 | S12: =P12+R12 -> 143.26871 | T12: =RANK(S12,$S$4:$S$22,0) -> 17 | U12: =IF(RAND()<0.2-(N12)/50,"DNF","OK") -> OK | X12: 1 | Y12: 8
A13: D. Gurney | B13: Ferrari | C13: - | D13: - | E13: - | F13: 2 | G13: - | H13: 0 | I13: 0 | J13: 2 | K13: 0 | L13: =SUM(C13:K13) -> 4 | M13: 6 | N13: 8 | O13: 7 | P13: =M13+N13+O13+69 -> 90 | Q13: =P13*$P$23 -> 111510 | R13: =P13+RAND()*6 -> 94.094293 | S13: =P13+R13 -> 184.09429 | T13: =RANK(S13,$S$4:$S$22,0) -> 7 | U13: =IF(RAND()<0.2-(N13)/50,"DNF","OK") -> OK | X13: 2 | Y13: 6
A14: T. Bettenhausen | C14: - | D14: 3 | E14: - | F14: - | G14: - | H14: - | I14: - | J14: - | K14: - | L14: =SUM(C14:K14) -> 3 | M14: 0 | N14: 0 | O14: 0 | P14: 70 | Q14: =P14*$P$23 -> 111510 | R14: =P14+RAND()*6 -> 73.84292 | S14: =P14+R14 -> 143.84292 | T14: =RANK(S14,$S$4:$S$22,0) -> 16 | U14: =IF(RAND()<0.2-(N14)/50,"DNF","OK") -> DNF | X14: 3 | Y14: 4
A15: P. Goldsmith | C15: - | D15: 2 | E15: - | F15: - | G15: - | H15: - | I15: - | J15: - | K15: - | L15: =SUM(C15:K15) -> 2 | M15: 0 | N15: 0 | O15: 0 | P15: 70 | Q15: =P15*$P$23 -> 111510 | R15: =P15+RAND()*6 -> 72.29862 | S15: =P15+R15 -> 142.29862 | T15: =RANK(S15,$S$4:$S$22,0) -> 18 | U15: =IF(RAND()<0.2-(N15)/50,"DNF","OK") -> OK | X15: 4 | Y15: 3
A16: J. Bonnier | B16: BRM | C16: 0 | D16: - | E16: 0 | F16: 0 | G16: 0 | H16: 0 | I16: 0 | J16: 0 | K16: - | L16: =SUM(C16:K16) -> 0 | M16: 7 | N16: 5 | O16: 6 | P16: =M16+N16+O16+69 -> 87 | Q16: =P16*$P$23 -> 133812 | R16: =P16+RAND()*6 -> 87.393212 | S16: =P16+R16 -> 174.39321 | T16: =RANK(S16,$S$4:$S$22,0) -> 9 | U16: =IF(RAND()<0.2-(N16)/50,"DNF","OK") -> OK | X16: 5 | Y16: 2
A17: M. Gregory | B17: Cooper - Climax | C17: 0 | D17: - | E17: 0 | F17: 0 | G17: 0 | H17: 0 | I17: 0 | J17: - | K17: - | L17: =SUM(C17:K17) -> 0 | M17: 5 | N17: 5 | O17: 5 | P17: =M17+N17+O17+69 -> 84 | Q17: =P17*$P$23 -> 135405 | R17: =P17+RAND()*6 -> 84.391996 | S17: =P17+R17 -> 168.392 | T17: =RANK(S17,$S$4:$S$22,0) -> 13 | U17: =IF(RAND()<0.2-(N17)/50,"DNF","OK") -> OK | X17: 6 | Y17: 0
A18: H. Schell | B18: BRM | C18: 0 | D18: - | E18: 0 | F18: 0 | G18: 0 | H18: 0 | I18: 0 | J18: 0 | K18: 0 | L18: =SUM(C18:K18) -> 0 | M18: 5 | N18: 6 | O18: 4 | P18: =M18+N18+O18+69 -> 84 | Q18: =P18*$P$23 -> 135405 | R18: =P18+RAND()*6 -> 84.401841 | S18: =P18+R18 -> 168.40184 | T18: =RANK(S18,$S$4:$S$22,0) -> 12 | U18: =IF(RAND()<0.2-(N18)/50,"DNF","OK") -> OK | X18: 7 | Y18: 0
A19: I. Ireland | B19: Lotus - Climax | C19: - | D19: - | E19: DNF | F19: 0 | G19: 0 | H19: 0 | I19: 0 | J19: 0 | K19: 0 | L19: =SUM(C19:K19) -> 0 | M19: 6 | N19: 6 | O19: 4 | P19: =M19+N19+O19+69 -> 85 | Q19: =P19*$P$23 -> 111510 | R19: =P19+RAND()*6 -> 87.752171 | S19: =P19+R19 -> 172.75217 | T19: =RANK(S19,$S$4:$S$22,0) -> 11 | U19: =IF(RAND()<0.2-(N19)/50,"DNF","OK") -> OK | X19: 8 | Y19: 0
A20: O. Gendebien | B20: Ferrari | C20: - | D20: - | E20: - | F20: 0 | G20: - | H20: - | I20: - | J20: 0 | K20: - | L20: =SUM(C20:K20) -> 0 | M20: 4 | N20: 7 | O20: 5 | P20: =M20+N20+O20+69 -> 85 | Q20: =P20*$P$23 -> 129033 | R20: =P20+RAND()*6 -> 88.780401 | S20: =P20+R20 -> 173.7804 | T20: =RANK(S20,$S$4:$S$22,0) -> 10 | U20: =IF(RAND()<0.2-(N20)/50,"DNF","OK") -> DNF | X20: 9 | Y20: 0
A21: C. Allison | B21: Ferrari | C21: 0 | D21: - | E21: - | F21: - | G21: - | H21: 0 | I21: - | J21: 0 | K21: 0 | L21: =SUM(C21:K21) -> 0 | M21: 4 | N21: 4 | O21: 4 | P21: =M21+N21+O21+69 -> 81 | Q21: =P21*$P$23 -> 111510 | R21: =P21+RAND()*6 -> 81.702195 | S21: =P21+R21 -> 162.70219 | T21: =RANK(S21,$S$4:$S$22,0) -> 14 | U21: =IF(RAND()<0.2-(N21)/50,"DNF","OK") -> DNF | X21: 10 | Y21: 0
A22: J. Behra | B22: Ferrari | C22: 0 | D22: - | E22: 0 | F22: 0 | G22: - | H22: 0 | I22: - | J22: - | K22: - | L22: =SUM(C22:K22) -> 0 | M22: 5 | N22: 5 | O22: 9 | P22: =M22+N22+O22+69 -> 88 | Q22: =P22*$P$23 -> 140184 | R22: =P22+RAND()*6 -> 92.03395 | S22: =P22+R22 -> 180.03395 | T22: =RANK(S22,$S$4:$S$22,0) -> 8 | U22: =IF(RAND()<0.2-(N22)/50,"DNF","OK") -> DNF
P23: =SUM(P4:P23) -> 1593
A26: Cooper - Climax | B26: =SUMIF(B4:B22,A26,$L$4:$L$22) -> 81
A27: Ferrari | B27: =SUMIF(B4:B22,A27,$L$4:$L$22) -> 56
A28: BRM | B28: =SUMIF(B4:B22,A28,$L$4:$L$22) -> 51
A29: Lotus - Climax | B29: =SUMIF(B4:B22,A29,$L$4:$L$22) -> 0

Sheet 1960
A1: Formula 1 - Stagione 1960
A3: Pilota | B3: Team | C3: Argentina | D3: Monaco | E3: Indianapolis | F3: Paesi Bassi | G3: Belgio | H3: Francia | I3: Gran Bretagna | J3: Portogallo | K3: Italia | L3: USA | M3: Totale | N3: Velocità | O3: Affidabilità | P3: Talento | Q3: Overall | R3: Colonna1 | S3: Random | T3: Performance | U3: Posizione Finale | V3: Colonna2
A4: J. Brabham | B4: Cooper - Climax | C4: 8 | D4: 7 | E4: - | F4: 9 | G4: DNF | H4: 8 | I4: 9 | J4: 7 | K4: - | L4: 9 | M4: =SUM(C4:L4) -> 57 | N4: 10 | O4: 8 | P4: 10 | Q4: =N4+O4+P4+69 -> 97 | R4: =Q4*$Q$24 -> 169265 | S4: =Q4+RAND()*6 -> 102.05589 | T4: =Q4+S4 -> 199.05589 | U4: =RANK(T4,$T$4:$T$23,0) -> 1 | V4: =IF(RAND()<0.2-(O4)/50,"DNF","OK") -> OK
A5: B. Mclaren | B5: Cooper - Climax | C5: 7 | D5: 8 | E5: - | F5: 6 | G5: 9 | H5: 7 | I5: 6 | J5: 8 | K5: - | L5: 3 | M5: =SUM(C5:L5) -> 54 | N5: 9 | O5: 8 | P5: 9 | Q5: =N5+O5+P5+69 -> 95 | R5: =Q5*$Q$24 -> 165775 | S5: =Q5+RAND()*6 -> 100.08348 | T5: =Q5+S5 -> 195.08348 | U5: =RANK(T5,$T$4:$T$23,0) -> 2 | V5: =IF(RAND()<0.2-(O5)/50,"DNF","OK") -> OK
A6: P. Hill | B6: Ferrari | C6: 4 | D6: 3 | E6: - | F6: 4 | G6: 4 | H6: 4 | I6: 4 | J6: 3 | K6: 9 | L6: 6 | M6: =SUM(C6:L6) -> 41 | N6: 8 | O6: 7 | P6: 10 | Q6: =N6+O6+P6+69 -> 94 | R6: =Q6*$Q$24 -> 164030 | S6: =Q6+RAND()*6 -> 99.565727 | T6: =Q6+S6 -> 193.56573 | U6: =RANK(T6,$T$4:$T$23,0) -> 3 | V6: =IF(RAND()<0.2-(O6)/50,"DNF","OK") -> OK
A7: S. Moss | B7: Lotus - Climax | C7: 3 | D7: 4 | E7: - | F7: 2 | G7: 6 | H7: - | I7: - | J7: 4 | K7: - | L7: 2 | M7: =SUM(C7:L7) -> 21 | N7: 9 | O7: 7 | P7: 9 | Q7: =N7+O7+P7+69 -> 94 | R7: =Q7*$Q$24 -> 164030 | S7: =Q7+RAND()*6 -> 95.184599 | T7: =Q7+S7 -> 189.1846 | U7: =RANK(T7,$T$4:$T$23,0) -> 5 | V7: =IF(RAND()<0.2-(O7)/50,"DNF","OK") -> DNF
A8: J. Clark | B8: Lotus - Climax | C8: - | D8: - | E8: - | F8: 3 | G8: 3 | H8: 2 | I8: 3 | J8: 2 | K8: - | L8: 4 | M8: =SUM(C8:L8) -> 17 | N8: 7 | O8: 7 | P8: 10 | Q8: =N8+O8+P8+69 -> 93 | R8: =Q8*$Q$24 -> 162285 | S8: =Q8+RAND()*6 -> 97.924958 | T8: =Q8+S8 -> 190.92496 | U8: =RANK(T8,$T$4:$T$23,0) -> 4 | V8: =IF(RAND()<0.2-(O8)/50,"DNF","OK") -> OK
A9: I. Ireland | B9: Lotus - Climax | C9: 0 | D9: 2 | E9: - | F9: 0 | G9: 2 | H9: 3 | I9: 2 | J9: 0 | K9: - | L9: 0 | M9: =SUM(C9:L9) -> 9 | N9: 8 | O9: 7 | P9: 7 | Q9: =N9+O9+P9+69 -> 91 | R9: =Q9*$Q$24 -> 158795 | S9: =Q9+RAND()*6 -> 94.964502 | T9: =Q9+S9 -> 185.9645 | U9: =RANK(T9,$T$4:$T$23,0) -> 6 | V9: =IF(RAND()<0.2-(O9)/50,"DNF","OK") -> OK
A10: J. Rathmann | C10: - | D10: - | E10: 8 | F10: - | G10: - | H10: - | I10: - | J10: - | K10: - | L10: - | M10: =SUM(C10:L10) -> 8 | N10: 0 | O10: 0 | P10: 0 | Q10: =N10+O10+P10+69 -> 69 | R10: =Q10*$Q$24 -> 120405 | S10: =Q10+RAND()*6 -> 71.891056 | T10: =Q10+S10 -> 140.89106 | U10: =RANK(T10,$T$4:$T$23,0) -> 18 | V10: =IF(RAND()<0.2-(O10)/50,"DNF","OK") -> OK
A11: R. Ward | C11: - | D11: - | E11: 6 | F11: - | G11: - | H11: - | I11: - | J11: - | K11: - | L11: - | M11: =SUM(C11:L11) -> 6 | N11: 0 | O11: 0 | P11: 0 | Q11: =N11+O11+P11+69 -> 69 | R11: =Q11*$Q$24 -> 120405 | S11: =Q11+RAND()*6 -> 71.259491 | T11: =Q11+S11 -> 140.25949 | U11: =RANK(T11,$T$4:$T$23,0) -> 19 | V11: =IF(RAND()<0.2-(O11)/50,"DNF","OK") -> OK
A12: W. Von Trips | B12: Ferrari | C12: 2 | D12: 0 | E12: - | F12: 0 | G12: 0 | H12: 0 | I12: 0 | J12: 0 | K12: 4 | L12: 0 | M12: =SUM(C12:L12) -> 6 | N12: 6 | O12: 7 | P12: 8 | Q12: =N12+O12+P12+69 -> 90 | R12: =Q12*$Q$24 -> 157050 | S12: =Q12+RAND()*6 -> 90.745853 | T12: =Q12+S12 -> 180.74585 | U12: =RANK(T12,$T$4:$T$23,0) -> 12 | V12: =IF(RAND()<0.2-(O12)/50,"DNF","OK") -> OK
A13: R. Ginther | B13: Ferrari | C13: - | D13: 0 | E13: - | F13: 0 | G13: - | H13: 0 | I13: - | J13: - | K13: 6 | L13: - | M13: =SUM(C13:L13) -> 6 | N13: 7 | O13: 9 | P13: 6 | Q13: =N13+O13+P13+69 -> 91 | R13: =Q13*$Q$24 -> 158795 | S13: =Q13+RAND()*6 -> 93.074845 | T13: =Q13+S13 -> 184.07485 | U13: =RANK(T13,$T$4:$T$23,0) -> 7 | V13: =IF(RAND()<0.2-(O13)/50,"DNF","OK") -> OK | Z13: 1 | AA13: 8
A14: P. Goldsmith | C14: - | D14: - | E14: 4 | F14: - | G14: - | H14: - | I14: - | J14: - | K14: - | L14: - | M14: =SUM(C14:L14) -> 4 | N14: 0 | O14: 0 | P14: 0 | Q14: =N14+O14+P14+69 -> 69 | R14: =Q14*$Q$24 -> 120405 | S14: =Q14+RAND()*6 -> 69.557362 | T14: =Q14+S14 -> 138.55736 | U14: =RANK(T14,$T$4:$T$23,0) -> 20 | V14: =IF(RAND()<0.2-(O14)/50,"DNF","OK") -> OK | Z14: 2 | AA14: 6
A15: W. Mairesse | B15: Ferrari | C15: - | D15: - | E15: - | F15: - | G15: 0 | H15: 0 | I15: - | J15: - | K15: 3 | L15: - | M15: =SUM(C15:L15) -> 3 | N15: 6 | O15: 5 | P15: 6 | Q15: =N15+O15+P15+69 -> 86 | R15: =Q15*$Q$24 -> 150070 | S15: =Q15+RAND()*6 -> 86.080071 | T15: =Q15+S15 -> 172.08007 | U15: =RANK(T15,$T$4:$T$23,0) -> 17 | V15: =IF(RAND()<0.2-(O15)/50,"DNF","OK") -> OK | Z15: 3 | AA15: 4
A16: G. Hill | B16: BRM | C16: 0 | D16: DNF | E16: - | F16: 0 | G16: 0 | H16: 1 | I16: 0 | J16: 0 | K16: - | L16: 0 | M16: =SUM(C16:L16) -> 1 | N16: 7 | O16: 5 | P16: 9 | Q16: =N16+O16+P16+69 -> 90 | R16: =Q16*$Q$24 -> 157050 | S16: =Q16+RAND()*6 -> 91.862498 | T16: =Q16+S16 -> 181.8625 | U16: =RANK(T16,$T$4:$T$23,0) -> 11 | V16: =IF(RAND()<0.2-(O16)/50,"DNF","OK") -> OK | Z16: 4 | AA16: 3
A17: O. Gendebien | B17: Cooper - Climax | C17: 0 | D17: - | E17: - | F17: - | G17: 0 | H17: 0 | I17: 0 | J17: 0 | K17: - | L17: 0 | M17: =SUM(C17:L17) -> 0 | N17: 7 | O17: 7 | P17: 7 | Q17: =N17+O17+P17+69 -> 90 | R17: =Q17*$Q$24 -> 157050 | S17: =Q17+RAND()*6 -> 92.44482 | T17: =Q17+S17 -> 182.44482 | U17: =RANK(T17,$T$4:$T$23,0) -> 9 | V17: =IF(RAND()<0.2-(O17)/50,"DNF","OK") -> OK | Z17: 5 | AA17: 2
A18: T. Brooks | B18: Cooper - Climax | C18: - | D18: 0 | E18: - | F18: 0 | G18: DNF | H18: 0 | I18: 0 | J18: 0 | K18: - | L18: 0 | M18: =SUM(C18:L18) -> 0 | N18: 7 | O18: 6 | P18: 8 | Q18: =N18+O18+P18+69 -> 90 | R18: =Q18*$Q$24 -> 157050 | S18: =Q18+RAND()*6 -> 92.797423 | T18: =Q18+S18 -> 182.79742 | U18: =RANK(T18,$T$4:$T$23,0) -> 8 | V18: =IF(RAND()<0.2-(O18)/50,"DNF","OK") -> OK | Z18: 6 | AA18: 0
A19: C. Allison | B19: Ferrari | C19: 0 | D19: 0 | E19: - | F19: - | G19: - | H19: - | I19: - | J19: - | K19: - | L19: - | M19: =SUM(C19:L19) -> 0 | N19: 7 | O19: 7 | P19: 5 | Q19: =N19+O19+P19+69 -> 88 | R19: =Q19*$Q$24 -> 153560 | S19: =Q19+RAND()*6 -> 88.62484 | T19: =Q19+S19 -> 176.62484 | U19: =RANK(T19,$T$4:$T$23,0) -> 13 | V19: =IF(RAND()<0.2-(O19)/50,"DNF","OK") -> OK | Z19: 7 | AA19: 0
A20: J. Surtees | B20: Lotus - Climax | C20: - | D20: 0 | E20: - | F20: - | G20: - | H20: - | I20: 0 | J20: 0 | K20: - | L20: 0 | M20: =SUM(C20:L20) -> 0 | N20: 6 | O20: 5 | P20: 9 | Q20: =N20+O20+P20+69 -> 89 | R20: =Q20*$Q$24 -> 155305 | S20: =Q20+RAND()*6 -> 92.98833 | T20: =Q20+S20 -> 181.98833 | U20: =RANK(T20,$T$4:$T$23,0) -> 10 | V20: =IF(RAND()<0.2-(O20)/50,"DNF","OK") -> OK | Z20: 8 | AA20: 0
A21: J. Bonnier | B21: BRM | C21: 0 | D21: 0 | E21: - | F21: 0 | G21: 0 | H21: 0 | I21: 0 | J21: 0 | K21: . | L21: DNF | M21: =SUM(C21:L21) -> 0 | N21: 6 | O21: 4 | P21: 7 | Q21: =N21+O21+P21+69 -> 86 | R21: =Q21*$Q$24 -> 150070 | S21: =Q21+RAND()*6 -> 88.209843 | T21: =Q21+S21 -> 174.20984 | U21: =RANK(T21,$T$4:$T$23,0) -> 16 | V21: =IF(RAND()<0.2-(O21)/50,"DNF","OK") -> OK | Z21: 9 | AA21: 0
A22: H. Taylor | B22: Cooper - Climax | C22: 0 | D22: 0 | E22: - | F22: 0 | G22: DNF | H22: 0 | I22: 0 | J22: 0 | K22: - | L22: 0 | M22: =SUM(C22:L22) -> 0 | N22: 6 | O22: 6 | P22: 6 | Q22: =N22+O22+P22+69 -> 87 | R22: =Q22*$Q$24 -> 151815 | S22: =Q22+RAND()*6 -> 87.869351 | T22: =Q22+S22 -> 174.86935 | U22: =RANK(T22,$T$4:$T$23,0) -> 14 | V22: =IF(RAND()<0.2-(O22)/50,"DNF","OK") -> OK | Z22: 10 | AA22: 0
A23: C. Menditeguy | B23: Cooper - Maserati | C23: 0 | D23: - | E23: - | F23: - | G23: - | H23: - | I23: - | J23: - | K23: - | L23: - | M23: =SUM(C23:L23) -> 0 | N23: 6 | O23: 6 | P23: 6 | Q23: =N23+O23+P23+69 -> 87 | R23: =Q23*$Q$24 -> 151815 | S23: =Q23+RAND()*6 -> 87.75699 | T23: =Q23+S23 -> 174.75699 | U23: =RANK(T23,$T$4:$T$23,0) -> 15 | V23: =IF(RAND()<0.2-(O23)/50,"DNF","OK") -> OK
Q24: =SUM(Q4:Q23) -> 1745
A29: Cooper - Climax | B29: =SUMIF(B4:B23,A29,$M$4:$M$23) -> 111
A30: Lotus - Climax | B30: =SUMIF(B4:B23,A30,$M$4:$M$23) -> 47
A31: Ferrari | B31: =SUMIF(B4:B23,A31,$M$4:$M$23) -> 56
A32: Cooper - Maserati | B32: =SUMIF(B4:B23,A32,$M$4:$M$23) -> 0
A33: Cooper - Castellotti | B33: =SUMIF(B4:B23,A33,$M$4:$M$23) -> 0
A34: Porche | B34: =SUMIF(B4:B23,A34,$M$4:$M$23) -> 0

Sheet 1961
A1: Formula 1 - Stagione 1961
A3: Pilota | B3: Team | C3: Monaco | D3: Paesi Bassi | E3: Belgio | F3: Francia | G3: Gran Bretagna | H3: Germania | I3: Italia | J3: Usa | K3: Totale | L3: Velocità | M3: Affidabilità | N3: Talento | O3: Overall | P3: Colonna1 | Q3: Random | R3: Performance | S3: Posizione Finale | T3: Colonna2
A4: P. Hill | B4: Ferrari | C4: 6 | D4: 9 | E4: 9 | F4: 6 | G4: 6 | H4: 9 | I4: 9 | J4: DNF | K4: =SUM(C4:J4) -> 54 | L4: 9 | M4: 8 | N4: 9 | O4: =L4+M4+N4+69 -> 95 | P4: =O4*$O$24 -> 170145 | Q4: =O4+RAND()*6 -> 98.194814 | R4: =O4+Q4 -> 193.19481 | S4: =RANK(R4,$R$4:$R$23,0) -> 1 | T4: =IF(RAND()<0.2-(M4)/50,"DNF","OK") -> OK
A5: W. Von Trips | B5: Ferrari | C5: 9 | D5: 6 | E5: 6 | F5: 9 | G5: 9 | H5: 6 | I5: 4 | J5: - | K5: =SUM(C5:J5) -> 49 | L5: 9 | M5: 8 | N5: 8 | O5: =L5+M5+N5+69 -> 94 | P5: =O5*$O$24 -> 168354 | Q5: =O5+RAND()*6 -> 96.265063 | R5: =O5+Q5 -> 190.26506 | S5: =RANK(R5,$R$4:$R$23,0) -> 2 | T5: =IF(RAND()<0.2-(M5)/50,"DNF","OK") -> OK
A6: J. Clark | B6: Lotus Climax | C6: 3 | D6: 4 | E6: 4 | F6: 2 | G6: 3 | H6: 4 | I6: 6 | J6: 6 | K6: =SUM(C6:J6) -> 32 | L6: 8 | M6: 6 | N6: 10 | O6: =L6+M6+N6+69 -> 93 | P6: =O6*$O$24 -> 166563 | Q6: =O6+RAND()*6 -> 97.030192 | R6: =O6+Q6 -> 190.03019 | S6: =RANK(R6,$R$4:$R$23,0) -> 3 | T6: =IF(RAND()<0.2-(M6)/50,"DNF","OK") -> OK
A7: S. Moss | B7: Lotus Climax | C7: 2 | D7: 0 | E7: 3 | F7: DNF | G7: 4 | H7: 3 | I7: 3 | J7: 9 | K7: =SUM(C7:J7) -> 24 | L7: 8 | M7: 7 | N7: 9 | O7: =L7+M7+N7+69 -> 93 | P7: =O7*$O$24 -> 166563 | Q7: =O7+RAND()*6 -> 94.553907 | R7: =O7+Q7 -> 187.55391 | S7: =RANK(R7,$R$4:$R$23,0) -> 6 | T7: =IF(RAND()<0.2-(M7)/50,"DNF","OK") -> OK
A8: J. Brabham | B8: Cooper Climax | C8: 4 | D8: 3 | E8: 0 | F8: 4 | G8: 0 | H8: 2 | I8: 0 | J8: 4 | K8: =SUM(C8:J8) -> 17 | L8: 8 | M8: 5 | N8: 10 | O8: =L8+M8+N8+69 -> 92 | P8: =O8*$O$24 -> 164772 | Q8: =O8+RAND()*6 -> 92.438509 | R8: =O8+Q8 -> 184.43851 | S8: =RANK(R8,$R$4:$R$23,0) -> 8 | T8: =IF(RAND()<0.2-(M8)/50,"DNF","OK") -> OK
A9: D. Gurney | B9: Porche | C9: DNF | D9: 2 | E9: 2 | F9: 3 | G9: 1 | H9: 0 | I9: 2 | J9: 3 | K9: =SUM(C9:J9) -> 13 | L9: 7 | M9: 7 | N9: 8 | O9: =L9+M9+N9+69 -> 91 | P9: =O9*$O$24 -> 162981 | Q9: =O9+RAND()*6 -> 94.108871 | R9: =O9+Q9 -> 185.10887 | S9: =RANK(R9,$R$4:$R$23,0) -> 7 | T9: =IF(RAND()<0.2-(M9)/50,"DNF","OK") -> OK
A10: B. Mclaren | B10: Cooper Climax | C10: 1 | D10: 1 | E10: 1 | F10: 0 | G10: 0 | H10: 1 | I10: 0 | J10: 2 | K10: =SUM(C10:J10) -> 6 | L10: 7 | M10: 7 | N10: 8 | O10: =L10+M10+N10+69 -> 91 | P10: =O10*$O$24 -> 162981 | Q10: =O10+RAND()*6 -> 96.739337 | R10: =O10+Q10 -> 187.73934 | S10: =RANK(R10,$R$4:$R$23,0) -> 4 | T10: =IF(RAND()<0.2-(M10)/50,"DNF","OK") -> OK
A11: G. Baghetti | B11: Ferrari | C11: - | D11: - | E11: - | F11: 1 | G11: 2 | H11: - | I11: 1 | J11: - | K11: =SUM(C11:J11) -> 4 | L11: 8 | M11: 6 | N11: 9 | O11: =L11+M11+N11+69 -> 92 | P11: =O11*$O$24 -> 164772 | Q11: =O11+RAND()*6 -> 95.560506 | R11: =O11+Q11 -> 187.56051 | S11: =RANK(R11,$R$4:$R$23,0) -> 5 | T11: =IF(RAND()<0.2-(M11)/50,"DNF","OK") -> OK
A12: R. Ginther | B12: Ferrari | C12: 0 | D12: 0 | E12: 0 | F12: 0 | G12: 0 | H12: 0 | I12: 0 | J12: 1 | K12: =SUM(C12:J12) -> 1 | L12: 7 | M12: 7 | N12: 7 | O12: =L12+M12+N12+69 -> 90 | P12: =O12*$O$24 -> 161190 | Q12: =O12+RAND()*6 -> 94.216521 | R12: =O12+Q12 -> 184.21652 | S12: =RANK(R12,$R$4:$R$23,0) -> 9 | T12: =IF(RAND()<0.2-(M12)/50,"DNF","OK") -> OK | W12: 1 | X12: 9
A13: J. Surtees | B13: Cooper Climax | C13: 0 | D13: 0 | E13: 0 | F13: 0 | G13: 0 | H13: DNF | I13: DNF | J13: 0 | K13: =SUM(C13:J13) -> 0 | L13: 7 | M13: 5 | N13: 9 | O13: =L13+M13+N13+69 -> 90 | P13: =O13*$O$24 -> 161190 | Q13: =O13+RAND()*6 -> 93.121633 | R13: =O13+Q13 -> 183.12163 | S13: =RANK(R13,$R$4:$R$23,0) -> 10 | T13: =IF(RAND()<0.2-(M13)/50,"DNF","OK") -> OK | W13: 2 | X13: 6
A14: I. Ireland | B14: Lotus Climax | C14: 0 | D14: - | E14: 0 | F14: DNF | G14: 0 | H14: 0 | I14: 0 | J14: 0 | K14: =SUM(C14:J14) -> 0 | L14: 7 | M14: 5 | N14: 6 | O14: =L14+M14+N14+69 -> 87 | P14: =O14*$O$24 -> 155817 | Q14: =O14+RAND()*6 -> 89.433919 | R14: =O14+Q14 -> 176.43392 | S14: =RANK(R14,$R$4:$R$23,0) -> 17 | T14: =IF(RAND()<0.2-(M14)/50,"DNF","OK") -> OK | W14: 3 | X14: 4
A15: T. Brooks | B15: BRM Climax | C15: 0 | D15: DNF | E15: 0 | F15: 0 | G15: 0 | H15: 0 | I15: DNF | J15: 0 | K15: =SUM(C15:J15) -> 0 | L15: 6 | M15: 4 | N15: 7 | O15: =L15+M15+N15+69 -> 86 | P15: =O15*$O$24 -> 154026 | Q15: =O15+RAND()*6 -> 89.98151 | R15: =O15+Q15 -> 175.98151 | S15: =RANK(R15,$R$4:$R$23,0) -> 18 | T15: =IF(RAND()<0.2-(M15)/50,"DNF","OK") -> OK | W15: 4 | X15: 3
A16: J. Lewis | B16: Cooper Climax | C16: - | D16: - | E16: 0 | F16: 0 | G16: DNF | H16: 0 | I16: 0 | J16: - | K16: =SUM(C16:J16) -> 0 | L16: 6 | M16: 7 | N16: 6 | O16: =L16+M16+N16+69 -> 88 | P16: =O16*$O$24 -> 157608 | Q16: =O16+RAND()*6 -> 93.126221 | R16: =O16+Q16 -> 181.12622 | S16: =RANK(R16,$R$4:$R$23,0) -> 11 | T16: =IF(RAND()<0.2-(M16)/50,"DNF","OK") -> OK | W16: 5 | X16: 2
A17: O. Gendebien | B17: Lotus Climax | C17: 0 | D17: - | E17: 0 | F17: - | G17: 0 | H17: - | I17: - | J17: 0 | K17: =SUM(C17:J17) -> 0 | L17: 6 | M17: 6 | N17: 5 | O17: =L17+M17+N17+69 -> 86 | P17: =O17*$O$24 -> 154026 | Q17: =O17+RAND()*6 -> 86.563342 | R17: =O17+Q17 -> 172.56334 | S17: =RANK(R17,$R$4:$R$23,0) -> 20 | T17: =IF(RAND()<0.2-(M17)/50,"DNF","OK") -> OK | W17: 6 | X17: 1
A18: J. Bonnier | B18: Porche | C18: 0 | D18: 0 | E18: 0 | F18: 0 | G18: 0 | H18: 0 | I18: 0 | J18: 0 | K18: =SUM(C18:J18) -> 0 | L18: 5 | M18: 6 | N18: 7 | O18: =L18+M18+N18+69 -> 87 | P18: =O18*$O$24 -> 155817 | Q18: =O18+RAND()*6 -> 90.836907 | R18: =O18+Q18 -> 177.83691 | S18: =RANK(R18,$R$4:$R$23,0) -> 13 | T18: =IF(RAND()<0.2-(M18)/50,"DNF","OK") -> OK | W18: 7 | X18: 0
A19: G. Hill | B19: BRM Climax | C19: DNF | D19: DNF | E19: 0 | F19: DNF | G19: 0 | H19: 0 | I19: 0 | J19: 0 | K19: =SUM(C19:J19) -> 0 | L19: 5 | M19: 5 | N19: 9 | O19: =L19+M19+N19+69 -> 88 | P19: =O19*$O$24 -> 157608 | Q19: =O19+RAND()*6 -> 89.247832 | R19: =O19+Q19 -> 177.24783 | S19: =RANK(R19,$R$4:$R$23,0) -> 15 | T19: =IF(RAND()<0.2-(M19)/50,"DNF","OK") -> OK | W19: 8 | X19: 0
A20: R. Salvadori | B20: Cooper Climax | C20: - | D20: - | E20: - | F20: 0 | G20: 0 | H20: DNF | I20: 0 | J20: 0 | K20: =SUM(C20:J20) -> 0 | L20: 6 | M20: 5 | N20: 6 | O20: =L20+M20+N20+69 -> 86 | P20: =O20*$O$24 -> 154026 | Q20: =O20+RAND()*6 -> 88.88658 | R20: =O20+Q20 -> 174.88658 | S20: =RANK(R20,$R$4:$R$23,0) -> 19 | T20: =IF(RAND()<0.2-(M20)/50,"DNF","OK") -> OK | W20: 9 | X20: 0
A21: M. Trintignant | B21: Cooper Maserati | C21: 0 | D21: - | E21: 0 | F21: 0 | G21: - | H21: 0 | I21: 0 | J21: DNF | K21: =SUM(C21:J21) -> 0 | L21: 6 | M21: 6 | N21: 7 | O21: =L21+M21+N21+69 -> 88 | P21: =O21*$O$24 -> 157608 | Q21: =O21+RAND()*6 -> 88.63679 | R21: =O21+Q21 -> 176.63679 | S21: =RANK(R21,$R$4:$R$23,0) -> 16 | T21: =IF(RAND()<0.2-(M21)/50,"DNF","OK") -> OK | W21: 10 | X21: 0
A22: C. Godin de Beaufort | B22: Porche | C22: - | D22: 0 | E22: 0 | F22: 0 | G22: 0 | H22: 0 | I22: 0 | J22: - | K22: =SUM(C22:J22) -> 0 | L22: 6 | M22: 6 | N22: 5 | O22: =L22+M22+N22+69 -> 86 | P22: =O22*$O$24 -> 154026 | Q22: =O22+RAND()*6 -> 91.551862 | R22: =O22+Q22 -> 177.55186 | S22: =RANK(R22,$R$4:$R$23,0) -> 14 | T22: =IF(RAND()<0.2-(M22)/50,"DNF","OK") -> OK
A23: L. Bandini | B23: Cooper Maserati | C23: - | D23: - | E23: 0 | F23: - | G23: 0 | H23: 0 | I23: 0 | J23: - | K23: =SUM(C23:J23) -> 0 | L23: 7 | M23: 5 | N23: 7 | O23: =L23+M23+N23+69 -> 88 | P23: =O23*$O$24 -> 157608 | Q23: =O23+RAND()*6 -> 92.503844 | R23: =O23+Q23 -> 180.50384 | S23: =RANK(R23,$R$4:$R$23,0) -> 12 | T23: =IF(RAND()<0.2-(M23)/50,"DNF","OK") -> OK
O24: =SUM(O4:O23) -> 1791
A29: Ferrari | B29: =SUMIF(B4:B23,A29,$K$4:$K$23) -> 108
A30: Lotus Climax | B30: =SUMIF(B4:B23,A30,$K$4:$K$23) -> 56
A31: Cooper Climax | B31: =SUMIF(B3:B22,A31,$K$4:$K$23) -> 17
A32: Porche | B32: =SUMIF(B5:B24,A32,$K$4:$K$23) -> 17
A33: BRM Climax | B33: =SUMIF(B4:B23,A33,$K$4:$K$23) -> 0
A34: Cooper Maserati | B34: =SUMIF(B4:B23,A34,$K$4:$K$23) -> 0

Sheet 1962
A1: Formula 1 - Stagione 1962
A3: Pilota | B3: Team | C3: Paesi Bassi | D3: Monaco | E3: Belgio | F3: Francia | G3: Gran Bretagna | H3: Germania | I3: Italia | J3: USA | K3: Sudafrica | L3: Totale | M3: Velocità | N3: Affidabilità | O3: Talento | P3: Overall | Q3: Colonna1 | R3: Random | S3: Performance | T3: Posizione Finale | U3: Colonna2
A4: G. Hill | B4: BRM | C4: 9 | D4: 9 | E4: 4 | F4: 4 | G4: 9 | H4: 9 | I4: 6 | J4: 6 | K4: 9 | L4: =SUM(C4:K4) -> 65 | M4: 9 | N4: 8 | O4: 9 | P4: =M4+N4+O4+69 -> 95 | Q4: =P4*$P$24 -> 171855 | R4: =P4+RAND()*6 -> 98.703876 | S4: =P4+R4 -> 193.70388 | T4: =RANK(S4,$S$4:$S$23,0) -> 1 | U4: =IF(RAND()<0.2-(N4)/50,"DNF","OK") -> OK
A5: B. Mclaren | B5: Cooper Climax | C5: 6 | D5: 6 | E5: 6 | F5: 9 | G5: 6 | H5: 6 | I5: 4 | J5: 9 | K5: 6 | L5: =SUM(C5:K5) -> 58 | M5: 9 | N5: 8 | O5: 9 | P5: =M5+N5+O5+69 -> 95 | Q5: =P5*$P$24 -> 171855 | R5: =P5+RAND()*6 -> 97.901907 | S5: =P5+R5 -> 192.90191 | T5: =RANK(S5,$S$4:$S$23,0) -> 2 | U5: =IF(RAND()<0.2-(N5)/50,"DNF","OK") -> OK
A6: P. Hill | B6: Ferrari | C6: 3 | D6: 4 | E6: 0 | F6: 6 | G6: 1 | H6: 4 | I6: 9 | J6: 3 | K6: - | L6: =SUM(C6:K6) -> 30 | M6: 8 | N6: 8 | O6: 9 | P6: =M6+N6+O6+69 -> 94 | Q6: =P6*$P$24 -> 170046 | R6: =P6+RAND()*6 -> 96.647479 | S6: =P6+R6 -> 190.64748 | T6: =RANK(S6,$S$4:$S$23,0) -> 4 | U6: =IF(RAND()<0.2-(N6)/50,"DNF","OK") -> OK
A7: J. Surtees | B7: Lola Climax | C7: 4 | D7: 1 | E7: 3 | F7: 1 | G7: 4 | H7: 2 | I7: 3 | J7: 4 | K7: 4 | L7: =SUM(C7:K7) -> 26 | M7: 8 | N7: 7 | O7: 9 | P7: =M7+N7+O7+69 -> 93 | Q7: =P7*$P$24 -> 168237 | R7: =P7+RAND()*6 -> 96.183172 | S7: =P7+R7 -> 189.18317 | T7: =RANK(S7,$S$4:$S$23,0) -> 5 | U7: =IF(RAND()<0.2-(N7)/50,"DNF","OK") -> OK
A8: J. Clark | B8: Lotus Climax | C8: 1 | D8: DNF | E8: 9 | F8: 3 | G8: 3 | H8: 3 | I8: 1 | J8: 2 | K8: DNF | L8: =SUM(C8:K8) -> 22 | M8: 10 | N8: 5 | O8: 10 | P8: =M8+N8+O8+69 -> 94 | Q8: =P8*$P$24 -> 170046 | R8: =P8+RAND()*6 -> 97.25089 | S8: =P8+R8 -> 191.25089 | T8: =RANK(S8,$S$4:$S$23,0) -> 3 | U8: =IF(RAND()<0.2-(N8)/50,"DNF","OK") -> DNF
A9: J. Brabham | B9: Brabham Climax | C9: 0 | D9: 3 | E9: 1 | F9: 2 | G9: 2 | H9: 1 | I9: - | J9: 1 | K9: 3 | L9: =SUM(C9:K9) -> 13 | M9: 8 | N9: 6 | O9: 10 | P9: =M9+N9+O9+69 -> 93 | Q9: =P9*$P$24 -> 168237 | R9: =P9+RAND()*6 -> 93.061763 | S9: =P9+R9 -> 186.06176 | T9: =RANK(S9,$S$4:$S$23,0) -> 6 | U9: =IF(RAND()<0.2-(N9)/50,"DNF","OK") -> OK
A10: T. Taylor | B10: Lotus Climax | C10: 2 | D10: 2 | E10: 2 | F10: 0 | G10: 0 | H10: 0 | I10: 2 | J10: 0 | K10: 2 | L10: =SUM(C10:K10) -> 10 | M10: 8 | N10: 7 | O10: 8 | P10: =M10+N10+O10+69 -> 92 | Q10: =P10*$P$24 -> 166428 | R10: =P10+RAND()*6 -> 92.397744 | S10: =P10+R10 -> 184.39774 | T10: =RANK(S10,$S$4:$S$23,0) -> 11 | U10: =IF(RAND()<0.2-(N10)/50,"DNF","OK") -> OK | Y10: 1 | Z10: 9
A11: C. Godin de beaufort | B11: Porche | C11: 0 | D11: 0 | E11: 0 | F11: 0 | G11: 0 | H11: 0 | I11: 0 | J11: 0 | K11: 1 | L11: =SUM(C11:K11) -> 1 | M11: 7 | N11: 8 | O11: 6 | P11: =M11+N11+O11+69 -> 90 | Q11: =P11*$P$24 -> 162810 | R11: =P11+RAND()*6 -> 93.572088 | S11: =P11+R11 -> 183.57209 | T11: =RANK(S11,$S$4:$S$23,0) -> 13 | U11: =IF(RAND()<0.2-(N11)/50,"DNF","OK") -> OK | Y11: 2 | Z11: 6
A12: D. Gurney | B12: Porche | C12: 0 | D12: 0 | E12: 0 | F12: DNF | G12: DNF | H12: 0 | I12: 0 | J12: 0 | K12: - | L12: =SUM(C12:K12) -> 0 | M12: 8 | N12: 7 | O12: 7 | P12: =M12+N12+O12+69 -> 91 | Q12: =P12*$P$24 -> 164619 | R12: =P12+RAND()*6 -> 94.094492 | S12: =P12+R12 -> 185.09449 | T12: =RANK(S12,$S$4:$S$23,0) -> 9 | U12: =IF(RAND()<0.2-(N12)/50,"DNF","OK") -> OK | Y12: 3 | Z12: 4
A13: T. Maggs | B13: Cooper Climax | C13: 0 | D13: 0 | E13: DNF | F13: 0 | G13: 0 | H13: 0 | I13: 0 | J13: 0 | K13: 0 | L13: =SUM(C13:K13) -> 0 | M13: 7 | N13: 7 | O13: 7 | P13: =M13+N13+O13+69 -> 90 | Q13: =P13*$P$24 -> 162810 | R13: =P13+RAND()*6 -> 95.409303 | S13: =P13+R13 -> 185.4093 | T13: =RANK(S13,$S$4:$S$23,0) -> 8 | U13: =IF(RAND()<0.2-(N13)/50,"DNF","OK") -> DNF | Y13: 4 | Z13: 3
A14: R. Ginther | B14: BRM | C14: 0 | D14: 0 | E14: 0 | F14: 0 | G14: 0 | H14: 0 | I14: 0 | J14: 0 | K14: 0 | L14: =SUM(C14:K14) -> 0 | M14: 7 | N14: 7 | O14: 6 | P14: =M14+N14+O14+69 -> 89 | Q14: =P14*$P$24 -> 161001 | R14: =P14+RAND()*6 -> 94.834316 | S14: =P14+R14 -> 183.83432 | T14: =RANK(S14,$S$4:$S$23,0) -> 12 | U14: =IF(RAND()<0.2-(N14)/50,"DNF","OK") -> OK | Y14: 5 | Z14: 2
A15: G. Baghetti | B15: Ferrari | C15: 0 | D15: - | E15: 0 | F15: - | G15: 0 | H15: 0 | I15: 0 | J15: 0 | K15: - | L15: =SUM(C15:K15) -> 0 | M15: 7 | N15: 7 | O15: 7 | P15: =M15+N15+O15+69 -> 90 | Q15: =P15*$P$24 -> 162810 | R15: =P15+RAND()*6 -> 91.760397 | S15: =P15+R15 -> 181.7604 | T15: =RANK(S15,$S$4:$S$23,0) -> 16 | U15: =IF(RAND()<0.2-(N15)/50,"DNF","OK") -> OK | Y15: 6 | Z15: 1
A16: L. Bandini | B16: Ferrari | C16: - | D16: 0 | E16: - | F16: 0 | G16: - | H16: 0 | I16: 0 | J16: 0 | K16: - | L16: =SUM(C16:K16) -> 0 | M16: 8 | N16: 5 | O16: 9 | P16: =M16+N16+O16+69 -> 91 | Q16: =P16*$P$24 -> 164619 | R16: =P16+RAND()*6 -> 92.527497 | S16: =P16+R16 -> 183.5275 | T16: =RANK(S16,$S$4:$S$23,0) -> 14 | U16: =IF(RAND()<0.2-(N16)/50,"DNF","OK") -> OK | Y16: 7 | Z16: 0
A17: R. Rodriguez | B17: Ferrari | C17: DNF | D17: 0 | E17: 0 | F17: 0 | G17: 0 | H17: 0 | I17: 0 | J17: 0 | K17: - | L17: =SUM(C17:K17) -> 0 | M17: 8 | N17: 7 | O17: 6 | P17: =M17+N17+O17+69 -> 90 | Q17: =P17*$P$24 -> 162810 | R17: =P17+RAND()*6 -> 95.777094 | S17: =P17+R17 -> 185.77709 | T17: =RANK(S17,$S$4:$S$23,0) -> 7 | U17: =IF(RAND()<0.2-(N17)/50,"DNF","OK") -> OK | Y17: 8 | Z17: 0
A18: W. Mairesse | B18: Ferrari | C18: - | D18: 0 | E18: 0 | F18: - | G18: - | H18: - | I18: 0 | J18: 0 | K18: - | L18: =SUM(C18:K18) -> 0 | M18: 6 | N18: 7 | O18: 6 | P18: =M18+N18+O18+69 -> 88 | Q18: =P18*$P$24 -> 159192 | R18: =P18+RAND()*6 -> 88.803008 | S18: =P18+R18 -> 176.80301 | T18: =RANK(S18,$S$4:$S$23,0) -> 18 | U18: =IF(RAND()<0.2-(N18)/50,"DNF","OK") -> OK | Y18: 9 | Z18: 0
A19: J. Bonnier | B19: Porche | C19: 0 | D19: 0 | E19: 0 | F19: DNF | G19: 0 | H19: 0 | I19: 0 | J19: 0 | K19: - | L19: =SUM(C19:K19) -> 0 | M19: 7 | N19: 8 | O19: 7 | P19: =M19+N19+O19+69 -> 91 | Q19: =P19*$P$24 -> 164619 | R19: =P19+RAND()*6 -> 92.102743 | S19: =P19+R19 -> 183.10274 | T19: =RANK(S19,$S$4:$S$23,0) -> 15 | U19: =IF(RAND()<0.2-(N19)/50,"DNF","OK") -> OK | Y19: 10 | Z19: 0
A20: I. Ireland | B20: Lotus Climax | C20: 0 | D20: 0 | E20: DNF | F20: 0 | G20: 0 | H20: - | I20: 0 | J20: 0 | K20: 0 | L20: =SUM(C20:K20) -> 0 | M20: 7 | N20: 7 | O20: 4 | P20: =M20+N20+O20+69 -> 87 | Q20: =P20*$P$24 -> 157383 | R20: =P20+RAND()*6 -> 92.265646 | S20: =P20+R20 -> 179.26565 | T20: =RANK(S20,$S$4:$S$23,0) -> 17 | U20: =IF(RAND()<0.2-(N20)/50,"DNF","OK") -> OK
A21: M. Gregory | B21: Lotus BRM | C21: 0 | D21: 0 | E21: 0 | F21: 0 | G21: 0 | H21: 0 | I21: 0 | J21: 0 | K21: - | L21: =SUM(C21:K21) -> 0 | M21: 3 | N21: 5 | O21: 5 | P21: =M21+N21+O21+69 -> 82 | Q21: =P21*$P$24 -> 148338 | R21: =P21+RAND()*6 -> 86.951613 | S21: =P21+R21 -> 168.95161 | T21: =RANK(S21,$S$4:$S$23,0) -> 20 | U21: =IF(RAND()<0.2-(N21)/50,"DNF","OK") -> OK
A22: N. Lederle | B22: Lotus Climax | C22: - | D22: - | E22: - | F22: - | G22: - | H22: - | I22: - | J22: - | K22: 0 | L22: =SUM(C22:K22) -> 0 | M22: 4 | N22: 5 | O22: 5 | P22: =M22+N22+O22+69 -> 83 | Q22: =P22*$P$24 -> 150147 | R22: =P22+RAND()*6 -> 88.982515 | S22: =P22+R22 -> 171.98251 | T22: =RANK(S22,$S$4:$S$23,0) -> 19 | U22: =IF(RAND()<0.2-(N22)/50,"DNF","OK") -> OK
A23: M. Trintignant | B23: Lotus Climax | C23: - | D23: 0 | E23: 0 | F23: 0 | G23: - | H23: 0 | I23: 0 | J23: 0 | K23: - | L23: =SUM(C23:K23) -> 0 | M23: 7 | N23: 8 | O23: 7 | P23: =M23+N23+O23+69 -> 91 | Q23: =P23*$P$24 -> 164619 | R23: =P23+RAND()*6 -> 94.091324 | S23: =P23+R23 -> 185.09132 | T23: =RANK(S23,$S$4:$S$23,0) -> 10 | U23: =IF(RAND()<0.2-(N23)/50,"DNF","OK") -> OK
P24: =SUM(P4:P23) -> 1809
A27: BRM | B27: =SUMIF($B$4:$B$23,A27,$L$4:$L$23) -> 65
A28: Cooper Climax | B28: =SUMIF($B$4:$B$23,A28,$L$4:$L$23) -> 58
A29: Lotus Climax | B29: =SUMIF($B$4:$B$23,A29,$L$4:$L$23) -> 32
A30: Ferrari | B30: =SUMIF($B$4:$B$23,A30,$L$4:$L$23) -> 30
A31: Lola Climax | B31: =SUMIF($B$4:$B$23,A31,$L$4:$L$23) -> 26
A32: Brabham Climax | B32: =SUMIF($B$4:$B$23,A32,$L$4:$L$23) -> 13
A33: Porche | B33: =SUMIF($B$4:$B$23,A33,$L$4:$L$23) -> 1
A34: Lotus BRM | B34: =SUMIF($B$4:$B$23,A34,$L$4:$L$23) -> 0

Sheet 1963
A1: Formula 1 - Stagione 1963
A3: Pilota | B3: Team | C3: Monaco | D3: Belgio | E3: Paesi Bassi | F3: Francia | G3: Gran Bretagna | H3: Germania | I3: Italia | J3: USA | K3: Messico | L3: Sudafrica | M3: Totale | N3: Velocità | O3: Affidabilità | P3: Talento | Q3: Overall | R3: Colonna1 | S3: Random | T3: Performance | U3: Posizione Finale | V3: Colonna2
A4: J. Clark | B4: Lotus Climax | C4: 9 | D4: 9 | E4: 9 | F4: 9 | G4: 9 | H4: 9 | I4: 9 | J4: 9 | K4: 9 | L4: 6 | M4: =SUM(C4:L4) -> 87 | N4: 10 | O4: 9 | P4: 10 | Q4: =N4+O4+P4+69 -> 98 | R4: =Q4*$Q$21 -> 150234 | S4: =Q4+RAND()*6 -> 103.43551 | T4: =Q4+S4 -> 201.43551 | U4: =RANK(T4,$T$4:$T$20,0) -> 1 | V4: =IF(RAND()<0.2-(O4)/50,"DNF","OK") -> OK
A5: G. Hill | B5: BRM | C5: 6 | D5: 6 | E5: 6 | F5: 6 | G5: 6 | H5: 6 | I5: 6 | J5: 6 | K5: 6 | L5: 9 | M5: =SUM(C5:L5) -> 63 | N5: 9 | O5: 8 | P5: 9 | Q5: =N5+O5+P5+69 -> 95 | R5: =Q5*$Q$21 -> 145635 | S5: =Q5+RAND()*6 -> 100.48521 | T5: =Q5+S5 -> 195.48521 | U5: =RANK(T5,$T$4:$T$20,0) -> 2 | V5: =IF(RAND()<0.2-(O5)/50,"DNF","OK") -> OK
A6: R. Ginther | B6: BRM | C6: 4 | D6: 1 | E6: 2 | F6: DNF | G6: 4 | H6: 3 | I6: 4 | J6: 4 | K6: 3 | L6: 1 | M6: =SUM(C6:L6) -> 26 | N6: 8 | O6: 8 | P6: 8 | Q6: =N6+O6+P6+69 -> 93 | R6: =Q6*$Q$21 -> 142569 | S6: =Q6+RAND()*6 -> 93.292007 | T6: =Q6+S6 -> 186.29201 | U6: =RANK(T6,$T$4:$T$20,0) -> 6 | V6: =IF(RAND()<0.2-(O6)/50,"DNF","OK") -> OK
A7: B. Mclaren | B7: Cooper Climax | C7: 0 | D7: 3 | E7: 3 | F7: 4 | G7: DNF | H7: 4 | I7: 1 | J7: DNF | K7: 4 | L7: 4 | M7: =SUM(C7:L7) -> 23 | N7: 8 | O7: 7 | P7: 9 | Q7: =N7+O7+P7+69 -> 93 | R7: =Q7*$Q$21 -> 142569 | S7: =Q7+RAND()*6 -> 97.579666 | T7: =Q7+S7 -> 190.57967 | U7: =RANK(T7,$T$4:$T$20,0) -> 3 | V7: =IF(RAND()<0.2-(O7)/50,"DNF","OK") -> OK
A8: J. Surtees | B8: Ferrari | C8: 3 | D8: 4 | E8: 0 | F8: 3 | G8: 3 | H8: 1 | I8: 2 | J8: 3 | K8: 1 | L8: 2 | M8: =SUM(C8:L8) -> 22 | N8: 8 | O8: 7 | P8: 9 | Q8: =N8+O8+P8+69 -> 93 | R8: =Q8*$Q$21 -> 142569 | S8: =Q8+RAND()*6 -> 93.488153 | T8: =Q8+S8 -> 186.48815 | U8: =RANK(T8,$T$4:$T$20,0) -> 5 | V8: =IF(RAND()<0.2-(O8)/50,"DNF","OK") -> OK
A9: J. Brabham | B9: Brabham Climax | C9: 1 | D9: 2 | E9: 4 | F9: 2 | G9: 2 | H9: 2 | I9: 3 | J9: 2 | K9: 2 | L9: 0 | M9: =SUM(C9:L9) -> 20 | N9: 8 | O9: 6 | P9: 10 | Q9: =N9+O9+P9+69 -> 93 | R9: =Q9*$Q$21 -> 142569 | S9: =Q9+RAND()*6 -> 95.803671 | T9: =Q9+S9 -> 188.80367 | U9: =RANK(T9,$T$4:$T$20,0) -> 4 | V9: =IF(RAND()<0.2-(O9)/50,"DNF","OK") -> OK | Z9: 1 | AA9: 9
A10: D. Gurney | B10: Brabham Climax | C10: 2 | D10: 0 | E10: 1 | F10: DNF | G10: 0 | H10: 0 | I10: 0 | J10: 0 | K10: 0 | L10: 3 | M10: =SUM(C10:L10) -> 6 | N10: 8 | O10: 7 | P10: 8 | Q10: =N10+O10+P10+69 -> 92 | R10: =Q10*$Q$21 -> 141036 | S10: =Q10+RAND()*6 -> 94.206589 | T10: =Q10+S10 -> 186.20659 | U10: =RANK(T10,$T$4:$T$20,0) -> 7 | V10: =IF(RAND()<0.2-(O10)/50,"DNF","OK") -> OK | Z10: 2 | AA10: 6
A11: I. Ireland | B11: Lotus BRM | C11: 0 | D11: 0 | E11: 0 | F11: 0 | G11: 1 | H11: 0 | I11: 0 | J11: 1 | K11: 0 | L11: - | M11: =SUM(C11:L11) -> 2 | N11: 6 | O11: 8 | P11: 7 | Q11: =N11+O11+P11+69 -> 90 | R11: =Q11*$Q$21 -> 137970 | S11: =Q11+RAND()*6 -> 93.469363 | T11: =Q11+S11 -> 183.46936 | U11: =RANK(T11,$T$4:$T$20,0) -> 8 | V11: =IF(RAND()<0.2-(O11)/50,"DNF","OK") -> OK | Z11: 3 | AA11: 4
A12: L. Bandini | B12: Ferrari | C12: 0 | D12: - | E12: 0 | F12: 1 | G12: 0 | H12: 0 | I12: 0 | J12: DNF | K12: 0 | L12: 0 | M12: =SUM(C12:L12) -> 1 | N12: 7 | O12: 6 | P12: 8 | Q12: =N12+O12+P12+69 -> 90 | R12: =Q12*$Q$21 -> 137970 | S12: =Q12+RAND()*6 -> 90.456854 | T12: =Q12+S12 -> 180.45685 | U12: =RANK(T12,$T$4:$T$20,0) -> 10 | V12: =IF(RAND()<0.2-(O12)/50,"DNF","OK") -> OK | Z12: 4 | AA12: 3
A13: T. Maggs | B13: Cooper Climax | C13: 0 | D13: 0 | E13: 0 | F13: 0 | G13: 0 | H13: 0 | I13: 0 | J13: 0 | K13: 0 | L13: 0 | M13: =SUM(C13:L13) -> 0 | N13: 7 | O13: 7 | P13: 7 | Q13: =N13+O13+P13+69 -> 90 | R13: =Q13*$Q$21 -> 137970 | S13: =Q13+RAND()*6 -> 92.051202 | T13: =Q13+S13 -> 182.0512 | U13: =RANK(T13,$T$4:$T$20,0) -> 9 | V13: =IF(RAND()<0.2-(O13)/50,"DNF","OK") -> OK | Z13: 5 | AA13: 2
A14: J. Bonnier | B14: Cooper Climax | C14: 0 | D14: 0 | E14: 0 | F14: 0 | G14: DNF | H14: 0 | I14: 0 | J14: 0 | K14: 0 | L14: 0 | M14: =SUM(C14:L14) -> 0 | N14: 7 | O14: 6 | P14: 5 | Q14: =N14+O14+P14+69 -> 87 | R14: =Q14*$Q$21 -> 133371 | S14: =Q14+RAND()*6 -> 89.021127 | T14: =Q14+S14 -> 176.02113 | U14: =RANK(T14,$T$4:$T$20,0) -> 14 | V14: =IF(RAND()<0.2-(O14)/50,"DNF","OK") -> OK | Z14: 6 | AA14: 1
A15: G. Mitter | B15: Porche | C15: - | D15: - | E15: 0 | F15: - | G15: - | H15: 0 | I15: 0 | J15: - | K15: - | L15: - | M15: =SUM(C15:L15) -> 0 | N15: 6 | O15: 6 | P15: 6 | Q15: =N15+O15+P15+69 -> 87 | R15: =Q15*$Q$21 -> 133371 | S15: =Q15+RAND()*6 -> 88.272969 | T15: =Q15+S15 -> 175.27297 | U15: =RANK(T15,$T$4:$T$20,0) -> 16 | V15: =IF(RAND()<0.2-(O15)/50,"DNF","OK") -> OK | Z15: 7 | AA15: 0
A16: J. Hall | B16: Lotus BRM | C16: 0 | D16: 0 | E16: 0 | F16: DNF | G16: 0 | H16: 0 | I16: 0 | J16: 0 | K16: 0 | L16: 0 | M16: =SUM(C16:L16) -> 0 | N16: 6 | O16: 7 | P16: 6 | Q16: =N16+O16+P16+69 -> 88 | R16: =Q16*$Q$21 -> 134904 | S16: =Q16+RAND()*6 -> 91.566807 | T16: =Q16+S16 -> 179.56681 | U16: =RANK(T16,$T$4:$T$20,0) -> 12 | V16: =IF(RAND()<0.2-(O16)/50,"DNF","OK") -> OK | Z16: 8 | AA16: 0
A17: C. Godin de Beaufort | B17: Porche | C17: - | D17: 0 | E17: 0 | F17: - | G17: 0 | H17: 0 | I17: DNF | J17: 0 | K17: 0 | L17: 0 | M17: =SUM(C17:L17) -> 0 | N17: 6 | O17: 5 | P17: 6 | Q17: =N17+O17+P17+69 -> 86 | R17: =Q17*$Q$21 -> 131838 | S17: =Q17+RAND()*6 -> 89.312151 | T17: =Q17+S17 -> 175.31215 | U17: =RANK(T17,$T$4:$T$20,0) -> 15 | V17: =IF(RAND()<0.2-(O17)/50,"DNF","OK") -> OK | Z17: 9 | AA17: 0
A18: J. Siffert | B18: Lotus BRM | C18: 0 | D18: 0 | E18: 0 | F18: 0 | G18: 0 | H18: 0 | I18: 0 | J18: 0 | K18: 0 | L18: - | M18: =SUM(C18:L18) -> 0 | N18: 7 | O18: 6 | P18: 7 | Q18: =N18+O18+P18+69 -> 89 | R18: =Q18*$Q$21 -> 136437 | S18: =Q18+RAND()*6 -> 90.28823 | T18: =Q18+S18 -> 179.28823 | U18: =RANK(T18,$T$4:$T$20,0) -> 13 | V18: =IF(RAND()<0.2-(O18)/50,"DNF","OK") -> OK | Z18: 10 | AA18: 0
A19: T. Taylor | B19: Lotus Climax | C19: 0 | D19: 0 | E19: 0 | F19: 0 | G19: 0 | H19: DNF | I19: - | J19: 0 | K19: 0 | L19: 0 | M19: =SUM(C19:L19) -> 0 | N19: 5 | O19: 4 | P19: 3 | Q19: =N19+O19+P19+69 -> 81 | R19: =Q19*$Q$21 -> 124173 | S19: =Q19+RAND()*6 -> 86.031339 | T19: =Q19+S19 -> 167.03134 | U19: =RANK(T19,$T$4:$T$20,0) -> 17 | V19: =IF(RAND()<0.2-(O19)/50,"DNF","OK") -> OK
A20: L. Scarfiotti | B20: Ferrari | C20: - | D20: 0 | E20: 0 | F20: 0 | G20: - | H20: - | I20: - | J20: - | K20: - | L20: - | M20: =SUM(C20:L20) -> 0 | N20: 5 | O20: 6 | P20: 8 | Q20: =N20+O20+P20+69 -> 88 | R20: =Q20*$Q$21 -> 134904 | S20: =Q20+RAND()*6 -> 92.325912 | T20: =Q20+S20 -> 180.32591 | U20: =RANK(T20,$T$4:$T$20,0) -> 11 | V20: =IF(RAND()<0.2-(O20)/50,"DNF","OK") -> OK
Q21: =SUM(Q4:Q20) -> 1533
A25: BRM | B25: =SUMIF($B$4:$B$20,A25,$M$4:$M$20) -> 89
A26: Lotus Climax | B26: =SUMIF($B$4:$B$20,A26,$M$4:$M$20) -> 87
A27: Brabham Climax | B27: =SUMIF($B$4:$B$20,A27,$M$4:$M$20) -> 26
A28: Ferrari | B28: =SUMIF($B$4:$B$20,A28,$M$4:$M$20) -> 23
A29: Cooper Climax | B29: =SUMIF($B$4:$B$20,A29,$M$4:$M$20) -> 23
A30: Lotus BRM | B30: =SUMIF($B$4:$B$20,A30,$M$4:$M$20) -> 2
A31: BRP BRM | B31: =SUMIF($B$4:$B$20,A31,$M$4:$M$20) -> 0
A32: Porche | B32: =SUMIF($B$4:$B$20,A32,$M$4:$M$20) -> 0

Sheet 1964
A1: Formula 1 - Stagione 1964
A3: Pilota | B3: Team | C3: G1 | D3: G2 | E3: G3 | F3: G4 | G3: G5 | H3: G6 | I3: G7 | J3: G8 | K3: G9 | L3: G10 | M3: Totale | N3: Overall | O3: Random | P3: Performance | Q3: Posizione Finale | S3: COME FUNZIONA
A4: Pilota 1 | B4: Team 1 | C4: =IF(Q4<=10,VLOOKUP(Q4,$S$12:$T$21,2,FALSE),0) -> 25 | M4: =SUM(C4:L4) -> 25 | N4: 80 | O4: =RANDBETWEEN(-15,15) -> 15 | P4: =N4+O4 -> 95 | Q4: =RANK(P4,$P$4:$P$23,0) -> 1 | S4: 1. Modifica l'Overall dei piloti
A5: Pilota 2 | B5: Team 2 | C5: =IF(Q5<=10,VLOOKUP(Q5,$S$12:$T$21,2,FALSE),0) -> 6 | M5: =SUM(C5:L5) -> 6 | N5: 80 | O5: =RANDBETWEEN(-15,15) -> 4 | P5: =N5+O5 -> 84 | Q5: =RANK(P5,$P$4:$P$23,0) -> 7 | S5: 2. Premi F9 in Excel per rigenerare la casualità
A6: Pilota 3 | B6: Team 3 | C6: =IF(Q6<=10,VLOOKUP(Q6,$S$12:$T$21,2,FALSE),0) -> 2 | M6: =SUM(C6:L6) -> 2 | N6: 80 | O6: =RANDBETWEEN(-15,15) -> 1 | P6: =N6+O6 -> 81 | Q6: =RANK(P6,$P$4:$P$23,0) -> 9 | S6: 3. Il valore Random simula incidenti, meteo, fortuna ecc.
A7: Pilota 4 | B7: Team 4 | C7: =IF(Q7<=10,VLOOKUP(Q7,$S$12:$T$21,2,FALSE),0) -> 0 | M7: =SUM(C7:L7) -> 0 | N7: 80 | O7: =RANDBETWEEN(-15,15) -> -15 | P7: =N7+O7 -> 65 | Q7: =RANK(P7,$P$4:$P$23,0) -> 19 | S7: 4. Performance = Overall + Casualità
A8: Pilota 5 | B8: Team 5 | C8: =IF(Q8<=10,VLOOKUP(Q8,$S$12:$T$21,2,FALSE),0) -> 0 | M8: =SUM(C8:L8) -> 0 | N8: 80 | O8: =RANDBETWEEN(-15,15) -> -6 | P8: =N8+O8 -> 74 | Q8: =RANK(P8,$P$4:$P$23,0) -> 12 | S8: 5. Posizione Finale aggiornata automaticamente
A9: Pilota 6 | B9: Team 1 | C9: =IF(Q9<=10,VLOOKUP(Q9,$S$12:$T$21,2,FALSE),0) -> 0 | M9: =SUM(C9:L9) -> 0 | N9: 80 | O9: =RANDBETWEEN(-15,15) -> -14 | P9: =N9+O9 -> 66 | Q9: =RANK(P9,$P$4:$P$23,0) -> 18
A10: Pilota 7 | B10: Team 2 | C10: =IF(Q10<=10,VLOOKUP(Q10,$S$12:$T$21,2,FALSE),0) -> 0 | M10: =SUM(C10:L10) -> 0 | N10: 80 | O10: =RANDBETWEEN(-15,15) -> -7 | P10: =N10+O10 -> 73 | Q10: =RANK(P10,$P$4:$P$23,0) -> 14
A11: Pilota 8 | B11: Team 3 | C11: =IF(Q11<=10,VLOOKUP(Q11,$S$12:$T$21,2,FALSE),0) -> 15 | M11: =SUM(C11:L11) -> 15 | N11: 80 | O11: =RANDBETWEEN(-15,15) -> 9 | P11: =N11+O11 -> 89 | Q11: =RANK(P11,$P$4:$P$23,0) -> 3 | S11: Sistema Punti
A12: Pilota 9 | B12: Team 4 | C12: =IF(Q12<=10,VLOOKUP(Q12,$S$12:$T$21,2,FALSE),0) -> 1 | M12: =SUM(C12:L12) -> 1 | N12: 80 | O12: =RANDBETWEEN(-15,15) -> -3 | P12: =N12+O12 -> 77 | Q12: =RANK(P12,$P$4:$P$23,0) -> 10 | S12: 1 | T12: 25
A13: Pilota 10 | B13: Team 5 | C13: =IF(Q13<=10,VLOOKUP(Q13,$S$12:$T$21,2,FALSE),0) -> 0 | M13: =SUM(C13:L13) -> 0 | N13: 80 | O13: =RANDBETWEEN(-15,15) -> -13 | P13: =N13+O13 -> 67 | Q13: =RANK(P13,$P$4:$P$23,0) -> 17 | S13: 2 | T13: 18
A14: Pilota 11 | B14: Team 1 | C14: =IF(Q14<=10,VLOOKUP(Q14,$S$12:$T$21,2,FALSE),0) -> 8 | M14: =SUM(C14:L14) -> 8 | N14: 80 | O14: =RANDBETWEEN(-15,15) -> 5 | P14: =N14+O14 -> 85 | Q14: =RANK(P14,$P$4:$P$23,0) -> 6 | S14: 3 | T14: 15
A15: Pilota 12 | B15: Team 2 | C15: =IF(Q15<=10,VLOOKUP(Q15,$S$12:$T$21,2,FALSE),0) -> 1 | M15: =SUM(C15:L15) -> 1 | N15: 80 | O15: =RANDBETWEEN(-15,15) -> -3 | P15: =N15+O15 -> 77 | Q15: =RANK(P15,$P$4:$P$23,0) -> 10 | S15: 4 | T15: 12
A16: Pilota 13 | B16: Team 3 | C16: =IF(Q16<=10,VLOOKUP(Q16,$S$12:$T$21,2,FALSE),0) -> 4 | M16: =SUM(C16:L16) -> 4 | N16: 80 | O16: =RANDBETWEEN(-15,15) -> 2 | P16: =N16+O16 -> 82 | Q16: =RANK(P16,$P$4:$P$23,0) -> 8 | S16: 5 | T16: 10
A17: Pilota 14 | B17: Team 4 | C17: =IF(Q17<=10,VLOOKUP(Q17,$S$12:$T$21,2,FALSE),0) -> 0 | M17: =SUM(C17:L17) -> 0 | N17: 80 | O17: =RANDBETWEEN(-15,15) -> -6 | P17: =N17+O17 -> 74 | Q17: =RANK(P17,$P$4:$P$23,0) -> 12 | S17: 6 | T17: 8
A18: Pilota 15 | B18: Team 5 | C18: =IF(Q18<=10,VLOOKUP(Q18,$S$12:$T$21,2,FALSE),0) -> 12 | M18: =SUM(C18:L18) -> 12 | N18: 80 | O18: =RANDBETWEEN(-15,15) -> 8 | P18: =N18+O18 -> 88 | Q18: =RANK(P18,$P$4:$P$23,0) -> 4 | S18: 7 | T18: 6
A19: Pilota 16 | B19: Team 1 | C19: =IF(Q19<=10,VLOOKUP(Q19,$S$12:$T$21,2,FALSE),0) -> 10 | M19: =SUM(C19:L19) -> 10 | N19: 80 | O19: =RANDBETWEEN(-15,15) -> 6 | P19: =N19+O19 -> 86 | Q19: =RANK(P19,$P$4:$P$23,0) -> 5 | S19: 8 | T19: 4
A20: Pilota 17 | B20: Team 2 | C20: =IF(Q20<=10,VLOOKUP(Q20,$S$12:$T$21,2,FALSE),0) -> 0 | M20: =SUM(C20:L20) -> 0 | N20: 80 | O20: =RANDBETWEEN(-15,15) -> -8 | P20: =N20+O20 -> 72 | Q20: =RANK(P20,$P$4:$P$23,0) -> 16 | S20: 9 | T20: 2
A21: Pilota 18 | B21: Team 3 | C21: =IF(Q21<=10,VLOOKUP(Q21,$S$12:$T$21,2,FALSE),0) -> 0 | M21: =SUM(C21:L21) -> 0 | N21: 80 | O21: =RANDBETWEEN(-15,15) -> -7 | P21: =N21+O21 -> 73 | Q21: =RANK(P21,$P$4:$P$23,0) -> 14 | S21: 10 | T21: 1
A22: Pilota 19 | B22: Team 4 | C22: =IF(Q22<=10,VLOOKUP(Q22,$S$12:$T$21,2,FALSE),0) -> 0 | M22: =SUM(C22:L22) -> 0 | N22: 80 | O22: =RANDBETWEEN(-15,15) -> -15 | P22: =N22+O22 -> 65 | Q22: =RANK(P22,$P$4:$P$23,0) -> 19
A23: Pilota 20 | B23: Team 5 | C23: =IF(Q23<=10,VLOOKUP(Q23,$S$12:$T$21,2,FALSE),0) -> 18 | M23: =SUM(C23:L23) -> 18 | N23: 80 | O23: =RANDBETWEEN(-15,15) -> 12 | P23: =N23+O23 -> 92 | Q23: =RANK(P23,$P$4:$P$23,0) -> 2

Sheet 1965
A1: Formula 1 - Stagione 1965
A3: Pilota | B3: Team | C3: G1 | D3: G2 | E3: G3 | F3: G4 | G3: G5 | H3: G6 | I3: G7 | J3: G8 | K3: G9 | L3: G10 | M3: Totale | N3: Overall | O3: Random | P3: Performance | Q3: Posizione Finale | S3: COME FUNZIONA
A4: Pilota 1 | B4: Team 1 | C4: =IF(Q4<=10,VLOOKUP(Q4,$S$12:$T$21,2,FALSE),0) -> 15 | M4: =SUM(C4:L4) -> 15 | N4: 80 | O4: =RANDBETWEEN(-15,15) -> 12 | P4: =N4+O4 -> 92 | Q4: =RANK(P4,$P$4:$P$23,0) -> 3 | S4: 1. Modifica l'Overall dei piloti
A5: Pilota 2 | B5: Team 2 | C5: =IF(Q5<=10,VLOOKUP(Q5,$S$12:$T$21,2,FALSE),0) -> 25 | M5: =SUM(C5:L5) -> 25 | N5: 80 | O5: =RANDBETWEEN(-15,15) -> 15 | P5: =N5+O5 -> 95 | Q5: =RANK(P5,$P$4:$P$23,0) -> 1 | S5: 2. Premi F9 in Excel per rigenerare la casualità
A6: Pilota 3 | B6: Team 3 | C6: =IF(Q6<=10,VLOOKUP(Q6,$S$12:$T$21,2,FALSE),0) -> 0 | M6: =SUM(C6:L6) -> 0 | N6: 80 | O6: =RANDBETWEEN(-15,15) -> 0 | P6: =N6+O6 -> 80 | Q6: =RANK(P6,$P$4:$P$23,0) -> 15 | S6: 3. Il valore Random simula incidenti, meteo, fortuna ecc.
A7: Pilota 4 | B7: Team 4 | C7: =IF(Q7<=10,VLOOKUP(Q7,$S$12:$T$21,2,FALSE),0) -> 0 | M7: =SUM(C7:L7) -> 0 | N7: 80 | O7: =RANDBETWEEN(-15,15) -> 1 | P7: =N7+O7 -> 81 | Q7: =RANK(P7,$P$4:$P$23,0) -> 12 | S7: 4. Performance = Overall + Casualità
A8: Pilota 5 | B8: Team 5 | C8: =IF(Q8<=10,VLOOKUP(Q8,$S$12:$T$21,2,FALSE),0) -> 0 | M8: =SUM(C8:L8) -> 0 | N8: 80 | O8: =RANDBETWEEN(-15,15) -> -11 | P8: =N8+O8 -> 69 | Q8: =RANK(P8,$P$4:$P$23,0) -> 19 | S8: 5. Posizione Finale aggiornata automaticamente
A9: Pilota 6 | B9: Team 1 | C9: =IF(Q9<=10,VLOOKUP(Q9,$S$12:$T$21,2,FALSE),0) -> 6 | M9: =SUM(C9:L9) -> 6 | N9: 80 | O9: =RANDBETWEEN(-15,15) -> 5 | P9: =N9+O9 -> 85 | Q9: =RANK(P9,$P$4:$P$23,0) -> 7
A10: Pilota 7 | B10: Team 2 | C10: =IF(Q10<=10,VLOOKUP(Q10,$S$12:$T$21,2,FALSE),0) -> 15 | M10: =SUM(C10:L10) -> 15 | N10: 80 | O10: =RANDBETWEEN(-15,15) -> 12 | P10: =N10+O10 -> 92 | Q10: =RANK(P10,$P$4:$P$23,0) -> 3
A11: Pilota 8 | B11: Team 3 | C11: =IF(Q11<=10,VLOOKUP(Q11,$S$12:$T$21,2,FALSE),0) -> 10 | M11: =SUM(C11:L11) -> 10 | N11: 80 | O11: =RANDBETWEEN(-15,15) -> 11 | P11: =N11+O11 -> 91 | Q11: =RANK(P11,$P$4:$P$23,0) -> 5 | S11: Sistema Punti
A12: Pilota 9 | B12: Team 4 | C12: =IF(Q12<=10,VLOOKUP(Q12,$S$12:$T$21,2,FALSE),0) -> 0 | M12: =SUM(C12:L12) -> 0 | N12: 80 | O12: =RANDBETWEEN(-15,15) -> -15 | P12: =N12+O12 -> 65 | Q12: =RANK(P12,$P$4:$P$23,0) -> 20 | S12: 1 | T12: 25
A13: Pilota 10 | B13: Team 5 | C13: =IF(Q13<=10,VLOOKUP(Q13,$S$12:$T$21,2,FALSE),0) -> 6 | M13: =SUM(C13:L13) -> 6 | N13: 80 | O13: =RANDBETWEEN(-15,15) -> 5 | P13: =N13+O13 -> 85 | Q13: =RANK(P13,$P$4:$P$23,0) -> 7 | S13: 2 | T13: 18
A14: Pilota 11 | B14: Team 1 | C14: =IF(Q14<=10,VLOOKUP(Q14,$S$12:$T$21,2,FALSE),0) -> 0 | M14: =SUM(C14:L14) -> 0 | N14: 80 | O14: =RANDBETWEEN(-15,15) -> -5 | P14: =N14+O14 -> 75 | Q14: =RANK(P14,$P$4:$P$23,0) -> 17 | S14: 3 | T14: 15
A15: Pilota 12 | B15: Team 2 | C15: =IF(Q15<=10,VLOOKUP(Q15,$S$12:$T$21,2,FALSE),0) -> 1 | M15: =SUM(C15:L15) -> 1 | N15: 80 | O15: =RANDBETWEEN(-15,15) -> 3 | P15: =N15+O15 -> 83 | Q15: =RANK(P15,$P$4:$P$23,0) -> 10 | S15: 4 | T15: 12
A16: Pilota 13 | B16: Team 3 | C16: =IF(Q16<=10,VLOOKUP(Q16,$S$12:$T$21,2,FALSE),0) -> 0 | M16: =SUM(C16:L16) -> 0 | N16: 80 | O16: =RANDBETWEEN(-15,15) -> 1 | P16: =N16+O16 -> 81 | Q16: =RANK(P16,$P$4:$P$23,0) -> 12 | S16: 5 | T16: 10
A17: Pilota 14 | B17: Team 4 | C17: =IF(Q17<=10,VLOOKUP(Q17,$S$12:$T$21,2,FALSE),0) -> 0 | M17: =SUM(C17:L17) -> 0 | N17: 80 | O17: =RANDBETWEEN(-15,15) -> 1 | P17: =N17+O17 -> 81 | Q17: =RANK(P17,$P$4:$P$23,0) -> 12 | S17: 6 | T17: 8
A18: Pilota 15 | B18: Team 5 | C18: =IF(Q18<=10,VLOOKUP(Q18,$S$12:$T$21,2,FALSE),0) -> 6 | M18: =SUM(C18:L18) -> 6 | N18: 80 | O18: =RANDBETWEEN(-15,15) -> 5 | P18: =N18+O18 -> 85 | Q18: =RANK(P18,$P$4:$P$23,0) -> 7 | S18: 7 | T18: 6
A19: Pilota 16 | B19: Team 1 | C19: =IF(Q19<=10,VLOOKUP(Q19,$S$12:$T$21,2,FALSE),0) -> 0 | M19: =SUM(C19:L19) -> 0 | N19: 80 | O19: =RANDBETWEEN(-15,15) -> -10 | P19: =N19+O19 -> 70 | Q19: =RANK(P19,$P$4:$P$23,0) -> 18 | S19: 8 | T19: 4
A20: Pilota 17 | B20: Team 2 | C20: =IF(Q20<=10,VLOOKUP(Q20,$S$12:$T$21,2,FALSE),0) -> 0 | M20: =SUM(C20:L20) -> 0 | N20: 80 | O20: =RANDBETWEEN(-15,15) -> 2 | P20: =N20+O20 -> 82 | Q20: =RANK(P20,$P$4:$P$23,0) -> 11 | S20: 9 | T20: 2
A21: Pilota 18 | B21: Team 3 | C21: =IF(Q21<=10,VLOOKUP(Q21,$S$12:$T$21,2,FALSE),0) -> 0 | M21: =SUM(C21:L21) -> 0 | N21: 80 | O21: =RANDBETWEEN(-15,15) -> -2 | P21: =N21+O21 -> 78 | Q21: =RANK(P21,$P$4:$P$23,0) -> 16 | S21: 10 | T21: 1
A22: Pilota 19 | B22: Team 4 | C22: =IF(Q22<=10,VLOOKUP(Q22,$S$12:$T$21,2,FALSE),0) -> 18 | M22: =SUM(C22:L22) -> 18 | N22: 80 | O22: =RANDBETWEEN(-15,15) -> 14 | P22: =N22+O22 -> 94 | Q22: =RANK(P22,$P$4:$P$23,0) -> 2
A23: Pilota 20 | B23: Team 5 | C23: =IF(Q23<=10,VLOOKUP(Q23,$S$12:$T$21,2,FALSE),0) -> 8 | M23: =SUM(C23:L23) -> 8 | N23: 80 | O23: =RANDBETWEEN(-15,15) -> 9 | P23: =N23+O23 -> 89 | Q23: =RANK(P23,$P$4:$P$23,0) -> 6

Sheet 1966
A1: Formula 1 - Stagione 1966
A3: Pilota | B3: Team | C3: G1 | D3: G2 | E3: G3 | F3: G4 | G3: G5 | H3: G6 | I3: G7 | J3: G8 | K3: G9 | L3: G10 | M3: Totale | N3: Overall | O3: Random | P3: Performance | Q3: Posizione Finale | S3: COME FUNZIONA
A4: Pilota 1 | B4: Team 1 | C4: =IF(Q4<=10,VLOOKUP(Q4,$S$12:$T$21,2,FALSE),0) -> 0 | M4: =SUM(C4:L4) -> 0 | N4: 80 | O4: =RANDBETWEEN(-15,15) -> -9 | P4: =N4+O4 -> 71 | Q4: =RANK(P4,$P$4:$P$23,0) -> 16 | S4: 1. Modifica l'Overall dei piloti
A5: Pilota 2 | B5: Team 2 | C5: =IF(Q5<=10,VLOOKUP(Q5,$S$12:$T$21,2,FALSE),0) -> 8 | M5: =SUM(C5:L5) -> 8 | N5: 80 | O5: =RANDBETWEEN(-15,15) -> 9 | P5: =N5+O5 -> 89 | Q5: =RANK(P5,$P$4:$P$23,0) -> 6 | S5: 2. Premi F9 in Excel per rigenerare la casualità
A6: Pilota 3 | B6: Team 3 | C6: =IF(Q6<=10,VLOOKUP(Q6,$S$12:$T$21,2,FALSE),0) -> 12 | M6: =SUM(C6:L6) -> 12 | N6: 80 | O6: =RANDBETWEEN(-15,15) -> 12 | P6: =N6+O6 -> 92 | Q6: =RANK(P6,$P$4:$P$23,0) -> 4 | S6: 3. Il valore Random simula incidenti, meteo, fortuna ecc.
A7: Pilota 4 | B7: Team 4 | C7: =IF(Q7<=10,VLOOKUP(Q7,$S$12:$T$21,2,FALSE),0) -> 2 | M7: =SUM(C7:L7) -> 2 | N7: 80 | O7: =RANDBETWEEN(-15,15) -> 3 | P7: =N7+O7 -> 83 | Q7: =RANK(P7,$P$4:$P$23,0) -> 9 | S7: 4. Performance = Overall + Casualità
A8: Pilota 5 | B8: Team 5 | C8: =IF(Q8<=10,VLOOKUP(Q8,$S$12:$T$21,2,FALSE),0) -> 0 | M8: =SUM(C8:L8) -> 0 | N8: 80 | O8: =RANDBETWEEN(-15,15) -> -15 | P8: =N8+O8 -> 65 | Q8: =RANK(P8,$P$4:$P$23,0) -> 19 | S8: 5. Posizione Finale aggiornata automaticamente
A9: Pilota 6 | B9: Team 1 | C9: =IF(Q9<=10,VLOOKUP(Q9,$S$12:$T$21,2,FALSE),0) -> 1 | M9: =SUM(C9:L9) -> 1 | N9: 80 | O9: =RANDBETWEEN(-15,15) -> 0 | P9: =N9+O9 -> 80 | Q9: =RANK(P9,$P$4:$P$23,0) -> 10
A10: Pilota 7 | B10: Team 2 | C10: =IF(Q10<=10,VLOOKUP(Q10,$S$12:$T$21,2,FALSE),0) -> 4 | M10: =SUM(C10:L10) -> 4 | N10: 80 | O10: =RANDBETWEEN(-15,15) -> 6 | P10: =N10+O10 -> 86 | Q10: =RANK(P10,$P$4:$P$23,0) -> 8
A11: Pilota 8 | B11: Team 3 | C11: =IF(Q11<=10,VLOOKUP(Q11,$S$12:$T$21,2,FALSE),0) -> 15 | M11: =SUM(C11:L11) -> 15 | N11: 80 | O11: =RANDBETWEEN(-15,15) -> 13 | P11: =N11+O11 -> 93 | Q11: =RANK(P11,$P$4:$P$23,0) -> 3 | S11: Sistema Punti
A12: Pilota 9 | B12: Team 4 | C12: =IF(Q12<=10,VLOOKUP(Q12,$S$12:$T$21,2,FALSE),0) -> 0 | M12: =SUM(C12:L12) -> 0 | N12: 80 | O12: =RANDBETWEEN(-15,15) -> -6 | P12: =N12+O12 -> 74 | Q12: =RANK(P12,$P$4:$P$23,0) -> 13 | S12: 1 | T12: 25
A13: Pilota 10 | B13: Team 5 | C13: =IF(Q13<=10,VLOOKUP(Q13,$S$12:$T$21,2,FALSE),0) -> 6 | M13: =SUM(C13:L13) -> 6 | N13: 80 | O13: =RANDBETWEEN(-15,15) -> 8 | P13: =N13+O13 -> 88 | Q13: =RANK(P13,$P$4:$P$23,0) -> 7 | S13: 2 | T13: 18
A14: Pilota 11 | B14: Team 1 | C14: =IF(Q14<=10,VLOOKUP(Q14,$S$12:$T$21,2,FALSE),0) -> 25 | M14: =SUM(C14:L14) -> 25 | N14: 80 | O14: =RANDBETWEEN(-15,15) -> 14 | P14: =N14+O14 -> 94 | Q14: =RANK(P14,$P$4:$P$23,0) -> 1 | S14: 3 | T14: 15
A15: Pilota 12 | B15: Team 2 | C15: =IF(Q15<=10,VLOOKUP(Q15,$S$12:$T$21,2,FALSE),0) -> 0 | M15: =SUM(C15:L15) -> 0 | N15: 80 | O15: =RANDBETWEEN(-15,15) -> -7 | P15: =N15+O15 -> 73 | Q15: =RANK(P15,$P$4:$P$23,0) -> 14 | S15: 4 | T15: 12
A16: Pilota 13 | B16: Team 3 | C16: =IF(Q16<=10,VLOOKUP(Q16,$S$12:$T$21,2,FALSE),0) -> 0 | M16: =SUM(C16:L16) -> 0 | N16: 80 | O16: =RANDBETWEEN(-15,15) -> -2 | P16: =N16+O16 -> 78 | Q16: =RANK(P16,$P$4:$P$23,0) -> 11 | S16: 5 | T16: 10
A17: Pilota 14 | B17: Team 4 | C17: =IF(Q17<=10,VLOOKUP(Q17,$S$12:$T$21,2,FALSE),0) -> 0 | M17: =SUM(C17:L17) -> 0 | N17: 80 | O17: =RANDBETWEEN(-15,15) -> -14 | P17: =N17+O17 -> 66 | Q17: =RANK(P17,$P$4:$P$23,0) -> 18 | S17: 6 | T17: 8
A18: Pilota 15 | B18: Team 5 | C18: =IF(Q18<=10,VLOOKUP(Q18,$S$12:$T$21,2,FALSE),0) -> 0 | M18: =SUM(C18:L18) -> 0 | N18: 80 | O18: =RANDBETWEEN(-15,15) -> -15 | P18: =N18+O18 -> 65 | Q18: =RANK(P18,$P$4:$P$23,0) -> 19 | S18: 7 | T18: 6
A19: Pilota 16 | B19: Team 1 | C19: =IF(Q19<=10,VLOOKUP(Q19,$S$12:$T$21,2,FALSE),0) -> 0 | M19: =SUM(C19:L19) -> 0 | N19: 80 | O19: =RANDBETWEEN(-15,15) -> -8 | P19: =N19+O19 -> 72 | Q19: =RANK(P19,$P$4:$P$23,0) -> 15 | S19: 8 | T19: 4
A20: Pilota 17 | B20: Team 2 | C20: =IF(Q20<=10,VLOOKUP(Q20,$S$12:$T$21,2,FALSE),0) -> 0 | M20: =SUM(C20:L20) -> 0 | N20: 80 | O20: =RANDBETWEEN(-15,15) -> -10 | P20: =N20+O20 -> 70 | Q20: =RANK(P20,$P$4:$P$23,0) -> 17 | S20: 9 | T20: 2
A21: Pilota 18 | B21: Team 3 | C21: =IF(Q21<=10,VLOOKUP(Q21,$S$12:$T$21,2,FALSE),0) -> 25 | M21: =SUM(C21:L21) -> 25 | N21: 80 | O21: =RANDBETWEEN(-15,15) -> 14 | P21: =N21+O21 -> 94 | Q21: =RANK(P21,$P$4:$P$23,0) -> 1 | S21: 10 | T21: 1
A22: Pilota 19 | B22: Team 4 | C22: =IF(Q22<=10,VLOOKUP(Q22,$S$12:$T$21,2,FALSE),0) -> 0 | M22: =SUM(C22:L22) -> 0 | N22: 80 | O22: =RANDBETWEEN(-15,15) -> -4 | P22: =N22+O22 -> 76 | Q22: =RANK(P22,$P$4:$P$23,0) -> 12
A23: Pilota 20 | B23: Team 5 | C23: =IF(Q23<=10,VLOOKUP(Q23,$S$12:$T$21,2,FALSE),0) -> 12 | M23: =SUM(C23:L23) -> 12 | N23: 80 | O23: =RANDBETWEEN(-15,15) -> 12 | P23: =N23+O23 -> 92 | Q23: =RANK(P23,$P$4:$P$23,0) -> 4

Sheet 1967
A1: Formula 1 - Stagione 1967
A3: Pilota | B3: Team | C3: G1 | D3: G2 | E3: G3 | F3: G4 | G3: G5 | H3: G6 | I3: G7 | J3: G8 | K3: G9 | L3: G10 | M3: Totale | N3: Overall | O3: Random | P3: Performance | Q3: Posizione Finale | S3: COME FUNZIONA
A4: Pilota 1 | B4: Team 1 | C4: =IF(Q4<=10,VLOOKUP(Q4,$S$12:$T$21,2,FALSE),0) -> 0 | M4: =SUM(C4:L4) -> 0 | N4: 80 | O4: =RANDBETWEEN(-15,15) -> 1 | P4: =N4+O4 -> 81 | Q4: =RANK(P4,$P$4:$P$23,0) -> 13 | S4: 1. Modifica l'Overall dei piloti
A5: Pilota 2 | B5: Team 2 | C5: =IF(Q5<=10,VLOOKUP(Q5,$S$12:$T$21,2,FALSE),0) -> 0 | M5: =SUM(C5:L5) -> 0 | N5: 80 | O5: =RANDBETWEEN(-15,15) -> -6 | P5: =N5+O5 -> 74 | Q5: =RANK(P5,$P$4:$P$23,0) -> 17 | S5: 2. Premi F9 in Excel per rigenerare la casualità
A6: Pilota 3 | B6: Team 3 | C6: =IF(Q6<=10,VLOOKUP(Q6,$S$12:$T$21,2,FALSE),0) -> 10 | M6: =SUM(C6:L6) -> 10 | N6: 80 | O6: =RANDBETWEEN(-15,15) -> 7 | P6: =N6+O6 -> 87 | Q6: =RANK(P6,$P$4:$P$23,0) -> 5 | S6: 3. Il valore Random simula incidenti, meteo, fortuna ecc.
A7: Pilota 4 | B7: Team 4 | C7: =IF(Q7<=10,VLOOKUP(Q7,$S$12:$T$21,2,FALSE),0) -> 2 | M7: =SUM(C7:L7) -> 2 | N7: 80 | O7: =RANDBETWEEN(-15,15) -> 4 | P7: =N7+O7 -> 84 | Q7: =RANK(P7,$P$4:$P$23,0) -> 9 | S7: 4. Performance = Overall + Casualità
A8: Pilota 5 | B8: Team 5 | C8: =IF(Q8<=10,VLOOKUP(Q8,$S$12:$T$21,2,FALSE),0) -> 0 | M8: =SUM(C8:L8) -> 0 | N8: 80 | O8: =RANDBETWEEN(-15,15) -> 2 | P8: =N8+O8 -> 82 | Q8: =RANK(P8,$P$4:$P$23,0) -> 12 | S8: 5. Posizione Finale aggiornata automaticamente
A9: Pilota 6 | B9: Team 1 | C9: =IF(Q9<=10,VLOOKUP(Q9,$S$12:$T$21,2,FALSE),0) -> 18 | M9: =SUM(C9:L9) -> 18 | N9: 80 | O9: =RANDBETWEEN(-15,15) -> 10 | P9: =N9+O9 -> 90 | Q9: =RANK(P9,$P$4:$P$23,0) -> 2
A10: Pilota 7 | B10: Team 2 | C10: =IF(Q10<=10,VLOOKUP(Q10,$S$12:$T$21,2,FALSE),0) -> 10 | M10: =SUM(C10:L10) -> 10 | N10: 80 | O10: =RANDBETWEEN(-15,15) -> 7 | P10: =N10+O10 -> 87 | Q10: =RANK(P10,$P$4:$P$23,0) -> 5
A11: Pilota 8 | B11: Team 3 | C11: =IF(Q11<=10,VLOOKUP(Q11,$S$12:$T$21,2,FALSE),0) -> 6 | M11: =SUM(C11:L11) -> 6 | N11: 80 | O11: =RANDBETWEEN(-15,15) -> 5 | P11: =N11+O11 -> 85 | Q11: =RANK(P11,$P$4:$P$23,0) -> 7 | S11: Sistema Punti
A12: Pilota 9 | B12: Team 4 | C12: =IF(Q12<=10,VLOOKUP(Q12,$S$12:$T$21,2,FALSE),0) -> 0 | M12: =SUM(C12:L12) -> 0 | N12: 80 | O12: =RANDBETWEEN(-15,15) -> -2 | P12: =N12+O12 -> 78 | Q12: =RANK(P12,$P$4:$P$23,0) -> 15 | S12: 1 | T12: 25
A13: Pilota 10 | B13: Team 5 | C13: =IF(Q13<=10,VLOOKUP(Q13,$S$12:$T$21,2,FALSE),0) -> 0 | M13: =SUM(C13:L13) -> 0 | N13: 80 | O13: =RANDBETWEEN(-15,15) -> -12 | P13: =N13+O13 -> 68 | Q13: =RANK(P13,$P$4:$P$23,0) -> 19 | S13: 2 | T13: 18
A14: Pilota 11 | B14: Team 1 | C14: =IF(Q14<=10,VLOOKUP(Q14,$S$12:$T$21,2,FALSE),0) -> 0 | M14: =SUM(C14:L14) -> 0 | N14: 80 | O14: =RANDBETWEEN(-15,15) -> -11 | P14: =N14+O14 -> 69 | Q14: =RANK(P14,$P$4:$P$23,0) -> 18 | S14: 3 | T14: 15
A15: Pilota 12 | B15: Team 2 | C15: =IF(Q15<=10,VLOOKUP(Q15,$S$12:$T$21,2,FALSE),0) -> 6 | M15: =SUM(C15:L15) -> 6 | N15: 80 | O15: =RANDBETWEEN(-15,15) -> 5 | P15: =N15+O15 -> 85 | Q15: =RANK(P15,$P$4:$P$23,0) -> 7 | S15: 4 | T15: 12
A16: Pilota 13 | B16: Team 3 | C16: =IF(Q16<=10,VLOOKUP(Q16,$S$12:$T$21,2,FALSE),0) -> 1 | M16: =SUM(C16:L16) -> 1 | N16: 80 | O16: =RANDBETWEEN(-15,15) -> 3 | P16: =N16+O16 -> 83 | Q16: =RANK(P16,$P$4:$P$23,0) -> 10 | S16: 5 | T16: 10
A17: Pilota 14 | B17: Team 4 | C17: =IF(Q17<=10,VLOOKUP(Q17,$S$12:$T$21,2,FALSE),0) -> 0 | M17: =SUM(C17:L17) -> 0 | N17: 80 | O17: =RANDBETWEEN(-15,15) -> -4 | P17: =N17+O17 -> 76 | Q17: =RANK(P17,$P$4:$P$23,0) -> 16 | S17: 6 | T17: 8
A18: Pilota 15 | B18: Team 5 | C18: =IF(Q18<=10,VLOOKUP(Q18,$S$12:$T$21,2,FALSE),0) -> 15 | M18: =SUM(C18:L18) -> 15 | N18: 80 | O18: =RANDBETWEEN(-15,15) -> 9 | P18: =N18+O18 -> 89 | Q18: =RANK(P18,$P$4:$P$23,0) -> 3 | S18: 7 | T18: 6
A19: Pilota 16 | B19: Team 1 | C19: =IF(Q19<=10,VLOOKUP(Q19,$S$12:$T$21,2,FALSE),0) -> 0 | M19: =SUM(C19:L19) -> 0 | N19: 80 | O19: =RANDBETWEEN(-15,15) -> -12 | P19: =N19+O19 -> 68 | Q19: =RANK(P19,$P$4:$P$23,0) -> 19 | S19: 8 | T19: 4
A20: Pilota 17 | B20: Team 2 | C20: =IF(Q20<=10,VLOOKUP(Q20,$S$12:$T$21,2,FALSE),0) -> 12 | M20: =SUM(C20:L20) -> 12 | N20: 80 | O20: =RANDBETWEEN(-15,15) -> 8 | P20: =N20+O20 -> 88 | Q20: =RANK(P20,$P$4:$P$23,0) -> 4 | S20: 9 | T20: 2
A21: Pilota 18 | B21: Team 3 | C21: =IF(Q21<=10,VLOOKUP(Q21,$S$12:$T$21,2,FALSE),0) -> 25 | M21: =SUM(C21:L21) -> 25 | N21: 80 | O21: =RANDBETWEEN(-15,15) -> 15 | P21: =N21+O21 -> 95 | Q21: =RANK(P21,$P$4:$P$23,0) -> 1 | S21: 10 | T21: 1
A22: Pilota 19 | B22: Team 4 | C22: =IF(Q22<=10,VLOOKUP(Q22,$S$12:$T$21,2,FALSE),0) -> 1 | M22: =SUM(C22:L22) -> 1 | N22: 80 | O22: =RANDBETWEEN(-15,15) -> 3 | P22: =N22+O22 -> 83 | Q22: =RANK(P22,$P$4:$P$23,0) -> 10
A23: Pilota 20 | B23: Team 5 | C23: =IF(Q23<=10,VLOOKUP(Q23,$S$12:$T$21,2,FALSE),0) -> 0 | M23: =SUM(C23:L23) -> 0 | N23: 80 | O23: =RANDBETWEEN(-15,15) -> 0 | P23: =N23+O23 -> 80 | Q23: =RANK(P23,$P$4:$P$23,0) -> 14

Sheet 1968
A1: Formula 1 - Stagione 1968
A3: Pilota | B3: Team | C3: G1 | D3: G2 | E3: G3 | F3: G4 | G3: G5 | H3: G6 | I3: G7 | J3: G8 | K3: G9 | L3: G10 | M3: Totale | N3: Overall | O3: Random | P3: Performance | Q3: Posizione Finale | S3: COME FUNZIONA
A4: Pilota 1 | B4: Team 1 | C4: =IF(Q4<=10,VLOOKUP(Q4,$S$12:$T$21,2,FALSE),0) -> 8 | M4: =SUM(C4:L4) -> 8 | N4: 80 | O4: =RANDBETWEEN(-15,15) -> 11 | P4: =N4+O4 -> 91 | Q4: =RANK(P4,$P$4:$P$23,0) -> 6 | S4: 1. Modifica l'Overall dei piloti
A5: Pilota 2 | B5: Team 2 | C5: =IF(Q5<=10,VLOOKUP(Q5,$S$12:$T$21,2,FALSE),0) -> 0 | M5: =SUM(C5:L5) -> 0 | N5: 80 | O5: =RANDBETWEEN(-15,15) -> -11 | P5: =N5+O5 -> 69 | Q5: =RANK(P5,$P$4:$P$23,0) -> 17 | S5: 2. Premi F9 in Excel per rigenerare la casualità
A6: Pilota 3 | B6: Team 3 | C6: =IF(Q6<=10,VLOOKUP(Q6,$S$12:$T$21,2,FALSE),0) -> 0 | M6: =SUM(C6:L6) -> 0 | N6: 80 | O6: =RANDBETWEEN(-15,15) -> -15 | P6: =N6+O6 -> 65 | Q6: =RANK(P6,$P$4:$P$23,0) -> 20 | S6: 3. Il valore Random simula incidenti, meteo, fortuna ecc.
A7: Pilota 4 | B7: Team 4 | C7: =IF(Q7<=10,VLOOKUP(Q7,$S$12:$T$21,2,FALSE),0) -> 6 | M7: =SUM(C7:L7) -> 6 | N7: 80 | O7: =RANDBETWEEN(-15,15) -> 4 | P7: =N7+O7 -> 84 | Q7: =RANK(P7,$P$4:$P$23,0) -> 7 | S7: 4. Performance = Overall + Casualità
A8: Pilota 5 | B8: Team 5 | C8: =IF(Q8<=10,VLOOKUP(Q8,$S$12:$T$21,2,FALSE),0) -> 0 | M8: =SUM(C8:L8) -> 0 | N8: 80 | O8: =RANDBETWEEN(-15,15) -> -8 | P8: =N8+O8 -> 72 | Q8: =RANK(P8,$P$4:$P$23,0) -> 15 | S8: 5. Posizione Finale aggiornata automaticamente
A9: Pilota 6 | B9: Team 1 | C9: =IF(Q9<=10,VLOOKUP(Q9,$S$12:$T$21,2,FALSE),0) -> 4 | M9: =SUM(C9:L9) -> 4 | N9: 80 | O9: =RANDBETWEEN(-15,15) -> 1 | P9: =N9+O9 -> 81 | Q9: =RANK(P9,$P$4:$P$23,0) -> 8
A10: Pilota 7 | B10: Team 2 | C10: =IF(Q10<=10,VLOOKUP(Q10,$S$12:$T$21,2,FALSE),0) -> 18 | M10: =SUM(C10:L10) -> 18 | N10: 80 | O10: =RANDBETWEEN(-15,15) -> 13 | P10: =N10+O10 -> 93 | Q10: =RANK(P10,$P$4:$P$23,0) -> 2
A11: Pilota 8 | B11: Team 3 | C11: =IF(Q11<=10,VLOOKUP(Q11,$S$12:$T$21,2,FALSE),0) -> 0 | M11: =SUM(C11:L11) -> 0 | N11: 80 | O11: =RANDBETWEEN(-15,15) -> -2 | P11: =N11+O11 -> 78 | Q11: =RANK(P11,$P$4:$P$23,0) -> 12 | S11: Sistema Punti
A12: Pilota 9 | B12: Team 4 | C12: =IF(Q12<=10,VLOOKUP(Q12,$S$12:$T$21,2,FALSE),0) -> 0 | M12: =SUM(C12:L12) -> 0 | N12: 80 | O12: =RANDBETWEEN(-15,15) -> -6 | P12: =N12+O12 -> 74 | Q12: =RANK(P12,$P$4:$P$23,0) -> 13 | S12: 1 | T12: 25
A13: Pilota 10 | B13: Team 5 | C13: =IF(Q13<=10,VLOOKUP(Q13,$S$12:$T$21,2,FALSE),0) -> 4 | M13: =SUM(C13:L13) -> 4 | N13: 80 | O13: =RANDBETWEEN(-15,15) -> 1 | P13: =N13+O13 -> 81 | Q13: =RANK(P13,$P$4:$P$23,0) -> 8 | S13: 2 | T13: 18
A14: Pilota 11 | B14: Team 1 | C14: =IF(Q14<=10,VLOOKUP(Q14,$S$12:$T$21,2,FALSE),0) -> 4 | M14: =SUM(C14:L14) -> 4 | N14: 80 | O14: =RANDBETWEEN(-15,15) -> 1 | P14: =N14+O14 -> 81 | Q14: =RANK(P14,$P$4:$P$23,0) -> 8 | S14: 3 | T14: 15
A15: Pilota 12 | B15: Team 2 | C15: =IF(Q15<=10,VLOOKUP(Q15,$S$12:$T$21,2,FALSE),0) -> 0 | M15: =SUM(C15:L15) -> 0 | N15: 80 | O15: =RANDBETWEEN(-15,15) -> -1 | P15: =N15+O15 -> 79 | Q15: =RANK(P15,$P$4:$P$23,0) -> 11 | S15: 4 | T15: 12
A16: Pilota 13 | B16: Team 3 | C16: =IF(Q16<=10,VLOOKUP(Q16,$S$12:$T$21,2,FALSE),0) -> 0 | M16: =SUM(C16:L16) -> 0 | N16: 80 | O16: =RANDBETWEEN(-15,15) -> -12 | P16: =N16+O16 -> 68 | Q16: =RANK(P16,$P$4:$P$23,0) -> 18 | S16: 5 | T16: 10
A17: Pilota 14 | B17: Team 4 | C17: =IF(Q17<=10,VLOOKUP(Q17,$S$12:$T$21,2,FALSE),0) -> 0 | M17: =SUM(C17:L17) -> 0 | N17: 80 | O17: =RANDBETWEEN(-15,15) -> -13 | P17: =N17+O17 -> 67 | Q17: =RANK(P17,$P$4:$P$23,0) -> 19 | S17: 6 | T17: 8
A18: Pilota 15 | B18: Team 5 | C18: =IF(Q18<=10,VLOOKUP(Q18,$S$12:$T$21,2,FALSE),0) -> 18 | M18: =SUM(C18:L18) -> 18 | N18: 80 | O18: =RANDBETWEEN(-15,15) -> 13 | P18: =N18+O18 -> 93 | Q18: =RANK(P18,$P$4:$P$23,0) -> 2 | S18: 7 | T18: 6
A19: Pilota 16 | B19: Team 1 | C19: =IF(Q19<=10,VLOOKUP(Q19,$S$12:$T$21,2,FALSE),0) -> 0 | M19: =SUM(C19:L19) -> 0 | N19: 80 | O19: =RANDBETWEEN(-15,15) -> -7 | P19: =N19+O19 -> 73 | Q19: =RANK(P19,$P$4:$P$23,0) -> 14 | S19: 8 | T19: 4
A20: Pilota 17 | B20: Team 2 | C20: =IF(Q20<=10,VLOOKUP(Q20,$S$12:$T$21,2,FALSE),0) -> 12 | M20: =SUM(C20:L20) -> 12 | N20: 80 | O20: =RANDBETWEEN(-15,15) -> 12 | P20: =N20+O20 -> 92 | Q20: =RANK(P20,$P$4:$P$23,0) -> 4 | S20: 9 | T20: 2
A21: Pilota 18 | B21: Team 3 | C21: =IF(Q21<=10,VLOOKUP(Q21,$S$12:$T$21,2,FALSE),0) -> 12 | M21: =SUM(C21:L21) -> 12 | N21: 80 | O21: =RANDBETWEEN(-15,15) -> 12 | P21: =N21+O21 -> 92 | Q21: =RANK(P21,$P$4:$P$23,0) -> 4 | S21: 10 | T21: 1
A22: Pilota 19 | B22: Team 4 | C22: =IF(Q22<=10,VLOOKUP(Q22,$S$12:$T$21,2,FALSE),0) -> 0 | M22: =SUM(C22:L22) -> 0 | N22: 80 | O22: =RANDBETWEEN(-15,15) -> -9 | P22: =N22+O22 -> 71 | Q22: =RANK(P22,$P$4:$P$23,0) -> 16
A23: Pilota 20 | B23: Team 5 | C23: =IF(Q23<=10,VLOOKUP(Q23,$S$12:$T$21,2,FALSE),0) -> 25 | M23: =SUM(C23:L23) -> 25 | N23: 80 | O23: =RANDBETWEEN(-15,15) -> 14 | P23: =N23+O23 -> 94 | Q23: =RANK(P23,$P$4:$P$23,0) -> 1

Sheet 1969
A1: Formula 1 - Stagione 1969
A3: Pilota | B3: Team | C3: G1 | D3: G2 | E3: G3 | F3: G4 | G3: G5 | H3: G6 | I3: G7 | J3: G8 | K3: G9 | L3: G10 | M3: Totale | N3: Overall | O3: Random | P3: Performance | Q3: Posizione Finale | S3: COME FUNZIONA
A4: Pilota 1 | B4: Team 1 | C4: =IF(Q4<=10,VLOOKUP(Q4,$S$12:$T$21,2,FALSE),0) -> 2 | M4: =SUM(C4:L4) -> 2 | N4: 80 | O4: =RANDBETWEEN(-15,15) -> 7 | P4: =N4+O4 -> 87 | Q4: =RANK(P4,$P$4:$P$23,0) -> 9 | S4: 1. Modifica l'Overall dei piloti
A5: Pilota 2 | B5: Team 2 | C5: =IF(Q5<=10,VLOOKUP(Q5,$S$12:$T$21,2,FALSE),0) -> 0 | M5: =SUM(C5:L5) -> 0 | N5: 80 | O5: =RANDBETWEEN(-15,15) -> -4 | P5: =N5+O5 -> 76 | Q5: =RANK(P5,$P$4:$P$23,0) -> 17 | S5: 2. Premi F9 in Excel per rigenerare la casualità
A6: Pilota 3 | B6: Team 3 | C6: =IF(Q6<=10,VLOOKUP(Q6,$S$12:$T$21,2,FALSE),0) -> 18 | M6: =SUM(C6:L6) -> 18 | N6: 80 | O6: =RANDBETWEEN(-15,15) -> 14 | P6: =N6+O6 -> 94 | Q6: =RANK(P6,$P$4:$P$23,0) -> 2 | S6: 3. Il valore Random simula incidenti, meteo, fortuna ecc.
A7: Pilota 4 | B7: Team 4 | C7: =IF(Q7<=10,VLOOKUP(Q7,$S$12:$T$21,2,FALSE),0) -> 0 | M7: =SUM(C7:L7) -> 0 | N7: 80 | O7: =RANDBETWEEN(-15,15) -> -3 | P7: =N7+O7 -> 77 | Q7: =RANK(P7,$P$4:$P$23,0) -> 16 | S7: 4. Performance = Overall + Casualità
A8: Pilota 5 | B8: Team 5 | C8: =IF(Q8<=10,VLOOKUP(Q8,$S$12:$T$21,2,FALSE),0) -> 25 | M8: =SUM(C8:L8) -> 25 | N8: 80 | O8: =RANDBETWEEN(-15,15) -> 15 | P8: =N8+O8 -> 95 | Q8: =RANK(P8,$P$4:$P$23,0) -> 1 | S8: 5. Posizione Finale aggiornata automaticamente
A9: Pilota 6 | B9: Team 1 | C9: =IF(Q9<=10,VLOOKUP(Q9,$S$12:$T$21,2,FALSE),0) -> 10 | M9: =SUM(C9:L9) -> 10 | N9: 80 | O9: =RANDBETWEEN(-15,15) -> 9 | P9: =N9+O9 -> 89 | Q9: =RANK(P9,$P$4:$P$23,0) -> 5
A10: Pilota 7 | B10: Team 2 | C10: =IF(Q10<=10,VLOOKUP(Q10,$S$12:$T$21,2,FALSE),0) -> 0 | M10: =SUM(C10:L10) -> 0 | N10: 80 | O10: =RANDBETWEEN(-15,15) -> -7 | P10: =N10+O10 -> 73 | Q10: =RANK(P10,$P$4:$P$23,0) -> 19
A11: Pilota 8 | B11: Team 3 | C11: =IF(Q11<=10,VLOOKUP(Q11,$S$12:$T$21,2,FALSE),0) -> 0 | M11: =SUM(C11:L11) -> 0 | N11: 80 | O11: =RANDBETWEEN(-15,15) -> 3 | P11: =N11+O11 -> 83 | Q11: =RANK(P11,$P$4:$P$23,0) -> 13 | S11: Sistema Punti
A12: Pilota 9 | B12: Team 4 | C12: =IF(Q12<=10,VLOOKUP(Q12,$S$12:$T$21,2,FALSE),0) -> 10 | M12: =SUM(C12:L12) -> 10 | N12: 80 | O12: =RANDBETWEEN(-15,15) -> 9 | P12: =N12+O12 -> 89 | Q12: =RANK(P12,$P$4:$P$23,0) -> 5 | S12: 1 | T12: 25
A13: Pilota 10 | B13: Team 5 | C13: =IF(Q13<=10,VLOOKUP(Q13,$S$12:$T$21,2,FALSE),0) -> 2 | M13: =SUM(C13:L13) -> 2 | N13: 80 | O13: =RANDBETWEEN(-15,15) -> 7 | P13: =N13+O13 -> 87 | Q13: =RANK(P13,$P$4:$P$23,0) -> 9 | S13: 2 | T13: 18
A14: Pilota 11 | B14: Team 1 | C14: =IF(Q14<=10,VLOOKUP(Q14,$S$12:$T$21,2,FALSE),0) -> 0 | M14: =SUM(C14:L14) -> 0 | N14: 80 | O14: =RANDBETWEEN(-15,15) -> 5 | P14: =N14+O14 -> 85 | Q14: =RANK(P14,$P$4:$P$23,0) -> 11 | S14: 3 | T14: 15
A15: Pilota 12 | B15: Team 2 | C15: =IF(Q15<=10,VLOOKUP(Q15,$S$12:$T$21,2,FALSE),0) -> 15 | M15: =SUM(C15:L15) -> 15 | N15: 80 | O15: =RANDBETWEEN(-15,15) -> 11 | P15: =N15+O15 -> 91 | Q15: =RANK(P15,$P$4:$P$23,0) -> 3 | S15: 4 | T15: 12
A16: Pilota 13 | B16: Team 3 | C16: =IF(Q16<=10,VLOOKUP(Q16,$S$12:$T$21,2,FALSE),0) -> 0 | M16: =SUM(C16:L16) -> 0 | N16: 80 | O16: =RANDBETWEEN(-15,15) -> 2 | P16: =N16+O16 -> 82 | Q16: =RANK(P16,$P$4:$P$23,0) -> 14 | S16: 5 | T16: 10
A17: Pilota 14 | B17: Team 4 | C17: =IF(Q17<=10,VLOOKUP(Q17,$S$12:$T$21,2,FALSE),0) -> 10 | M17: =SUM(C17:L17) -> 10 | N17: 80 | O17: =RANDBETWEEN(-15,15) -> 9 | P17: =N17+O17 -> 89 | Q17: =RANK(P17,$P$4:$P$23,0) -> 5 | S17: 6 | T17: 8
A18: Pilota 15 | B18: Team 5 | C18: =IF(Q18<=10,VLOOKUP(Q18,$S$12:$T$21,2,FALSE),0) -> 0 | M18: =SUM(C18:L18) -> 0 | N18: 80 | O18: =RANDBETWEEN(-15,15) -> 5 | P18: =N18+O18 -> 85 | Q18: =RANK(P18,$P$4:$P$23,0) -> 11 | S18: 7 | T18: 6
A19: Pilota 16 | B19: Team 1 | C19: =IF(Q19<=10,VLOOKUP(Q19,$S$12:$T$21,2,FALSE),0) -> 15 | M19: =SUM(C19:L19) -> 15 | N19: 80 | O19: =RANDBETWEEN(-15,15) -> 11 | P19: =N19+O19 -> 91 | Q19: =RANK(P19,$P$4:$P$23,0) -> 3 | S19: 8 | T19: 4
A20: Pilota 17 | B20: Team 2 | C20: =IF(Q20<=10,VLOOKUP(Q20,$S$12:$T$21,2,FALSE),0) -> 0 | M20: =SUM(C20:L20) -> 0 | N20: 80 | O20: =RANDBETWEEN(-15,15) -> -2 | P20: =N20+O20 -> 78 | Q20: =RANK(P20,$P$4:$P$23,0) -> 15 | S20: 9 | T20: 2
A21: Pilota 18 | B21: Team 3 | C21: =IF(Q21<=10,VLOOKUP(Q21,$S$12:$T$21,2,FALSE),0) -> 0 | M21: =SUM(C21:L21) -> 0 | N21: 80 | O21: =RANDBETWEEN(-15,15) -> -4 | P21: =N21+O21 -> 76 | Q21: =RANK(P21,$P$4:$P$23,0) -> 17 | S21: 10 | T21: 1
A22: Pilota 19 | B22: Team 4 | C22: =IF(Q22<=10,VLOOKUP(Q22,$S$12:$T$21,2,FALSE),0) -> 0 | M22: =SUM(C22:L22) -> 0 | N22: 80 | O22: =RANDBETWEEN(-15,15) -> -14 | P22: =N22+O22 -> 66 | Q22: =RANK(P22,$P$4:$P$23,0) -> 20
A23: Pilota 20 | B23: Team 5 | C23: =IF(Q23<=10,VLOOKUP(Q23,$S$12:$T$21,2,FALSE),0) -> 10 | M23: =SUM(C23:L23) -> 10 | N23: 80 | O23: =RANDBETWEEN(-15,15) -> 9 | P23: =N23+O23 -> 89 | Q23: =RANK(P23,$P$4:$P$23,0) -> 5

Sheet 1970
A1: Formula 1 - Stagione 1970
A3: Pilota | B3: Team | C3: G1 | D3: G2 | E3: G3 | F3: G4 | G3: G5 | H3: G6 | I3: G7 | J3: G8 | K3: G9 | L3: G10 | M3: Totale | N3: Overall | O3: Random | P3: Performance | Q3: Posizione Finale | S3: COME FUNZIONA
A4: Pilota 1 | B4: Team 1 | C4: =IF(Q4<=10,VLOOKUP(Q4,$S$12:$T$21,2,FALSE),0) -> 0 | M4: =SUM(C4:L4) -> 0 | N4: 80 | O4: =RANDBETWEEN(-15,15) -> -10 | P4: =N4+O4 -> 70 | Q4: =RANK(P4,$P$4:$P$23,0) -> 17 | S4: 1. Modifica l'Overall dei piloti
A5: Pilota 2 | B5: Team 2 | C5: =IF(Q5<=10,VLOOKUP(Q5,$S$12:$T$21,2,FALSE),0) -> 6 | M5: =SUM(C5:L5) -> 6 | N5: 80 | O5: =RANDBETWEEN(-15,15) -> 5 | P5: =N5+O5 -> 85 | Q5: =RANK(P5,$P$4:$P$23,0) -> 7 | S5: 2. Premi F9 in Excel per rigenerare la casualità
A6: Pilota 3 | B6: Team 3 | C6: =IF(Q6<=10,VLOOKUP(Q6,$S$12:$T$21,2,FALSE),0) -> 1 | M6: =SUM(C6:L6) -> 1 | N6: 80 | O6: =RANDBETWEEN(-15,15) -> -2 | P6: =N6+O6 -> 78 | Q6: =RANK(P6,$P$4:$P$23,0) -> 10 | S6: 3. Il valore Random simula incidenti, meteo, fortuna ecc.
A7: Pilota 4 | B7: Team 4 | C7: =IF(Q7<=10,VLOOKUP(Q7,$S$12:$T$21,2,FALSE),0) -> 18 | M7: =SUM(C7:L7) -> 18 | N7: 80 | O7: =RANDBETWEEN(-15,15) -> 13 | P7: =N7+O7 -> 93 | Q7: =RANK(P7,$P$4:$P$23,0) -> 2 | S7: 4. Performance = Overall + Casualità
A8: Pilota 5 | B8: Team 5 | C8: =IF(Q8<=10,VLOOKUP(Q8,$S$12:$T$21,2,FALSE),0) -> 2 | M8: =SUM(C8:L8) -> 2 | N8: 80 | O8: =RANDBETWEEN(-15,15) -> -1 | P8: =N8+O8 -> 79 | Q8: =RANK(P8,$P$4:$P$23,0) -> 9 | S8: 5. Posizione Finale aggiornata automaticamente
A9: Pilota 6 | B9: Team 1 | C9: =IF(Q9<=10,VLOOKUP(Q9,$S$12:$T$21,2,FALSE),0) -> 0 | M9: =SUM(C9:L9) -> 0 | N9: 80 | O9: =RANDBETWEEN(-15,15) -> -11 | P9: =N9+O9 -> 69 | Q9: =RANK(P9,$P$4:$P$23,0) -> 18
A10: Pilota 7 | B10: Team 2 | C10: =IF(Q10<=10,VLOOKUP(Q10,$S$12:$T$21,2,FALSE),0) -> 0 | M10: =SUM(C10:L10) -> 0 | N10: 80 | O10: =RANDBETWEEN(-15,15) -> -5 | P10: =N10+O10 -> 75 | Q10: =RANK(P10,$P$4:$P$23,0) -> 14
A11: Pilota 8 | B11: Team 3 | C11: =IF(Q11<=10,VLOOKUP(Q11,$S$12:$T$21,2,FALSE),0) -> 15 | M11: =SUM(C11:L11) -> 15 | N11: 80 | O11: =RANDBETWEEN(-15,15) -> 11 | P11: =N11+O11 -> 91 | Q11: =RANK(P11,$P$4:$P$23,0) -> 3 | S11: Sistema Punti
A12: Pilota 9 | B12: Team 4 | C12: =IF(Q12<=10,VLOOKUP(Q12,$S$12:$T$21,2,FALSE),0) -> 8 | M12: =SUM(C12:L12) -> 8 | N12: 80 | O12: =RANDBETWEEN(-15,15) -> 6 | P12: =N12+O12 -> 86 | Q12: =RANK(P12,$P$4:$P$23,0) -> 6 | S12: 1 | T12: 25
A13: Pilota 10 | B13: Team 5 | C13: =IF(Q13<=10,VLOOKUP(Q13,$S$12:$T$21,2,FALSE),0) -> 15 | M13: =SUM(C13:L13) -> 15 | N13: 80 | O13: =RANDBETWEEN(-15,15) -> 11 | P13: =N13+O13 -> 91 | Q13: =RANK(P13,$P$4:$P$23,0) -> 3 | S13: 2 | T13: 18
A14: Pilota 11 | B14: Team 1 | C14: =IF(Q14<=10,VLOOKUP(Q14,$S$12:$T$21,2,FALSE),0) -> 0 | M14: =SUM(C14:L14) -> 0 | N14: 80 | O14: =RANDBETWEEN(-15,15) -> -8 | P14: =N14+O14 -> 72 | Q14: =RANK(P14,$P$4:$P$23,0) -> 16 | S14: 3 | T14: 15
A15: Pilota 12 | B15: Team 2 | C15: =IF(Q15<=10,VLOOKUP(Q15,$S$12:$T$21,2,FALSE),0) -> 10 | M15: =SUM(C15:L15) -> 10 | N15: 80 | O15: =RANDBETWEEN(-15,15) -> 9 | P15: =N15+O15 -> 89 | Q15: =RANK(P15,$P$4:$P$23,0) -> 5 | S15: 4 | T15: 12
A16: Pilota 13 | B16: Team 3 | C16: =IF(Q16<=10,VLOOKUP(Q16,$S$12:$T$21,2,FALSE),0) -> 0 | M16: =SUM(C16:L16) -> 0 | N16: 80 | O16: =RANDBETWEEN(-15,15) -> -4 | P16: =N16+O16 -> 76 | Q16: =RANK(P16,$P$4:$P$23,0) -> 13 | S16: 5 | T16: 10
A17: Pilota 14 | B17: Team 4 | C17: =IF(Q17<=10,VLOOKUP(Q17,$S$12:$T$21,2,FALSE),0) -> 6 | M17: =SUM(C17:L17) -> 6 | N17: 80 | O17: =RANDBETWEEN(-15,15) -> 5 | P17: =N17+O17 -> 85 | Q17: =RANK(P17,$P$4:$P$23,0) -> 7 | S17: 6 | T17: 8
A18: Pilota 15 | B18: Team 5 | C18: =IF(Q18<=10,VLOOKUP(Q18,$S$12:$T$21,2,FALSE),0) -> 0 | M18: =SUM(C18:L18) -> 0 | N18: 80 | O18: =RANDBETWEEN(-15,15) -> -11 | P18: =N18+O18 -> 69 | Q18: =RANK(P18,$P$4:$P$23,0) -> 18 | S18: 7 | T18: 6
A19: Pilota 16 | B19: Team 1 | C19: =IF(Q19<=10,VLOOKUP(Q19,$S$12:$T$21,2,FALSE),0) -> 1 | M19: =SUM(C19:L19) -> 1 | N19: 80 | O19: =RANDBETWEEN(-15,15) -> -2 | P19: =N19+O19 -> 78 | Q19: =RANK(P19,$P$4:$P$23,0) -> 10 | S19: 8 | T19: 4
A20: Pilota 17 | B20: Team 2 | C20: =IF(Q20<=10,VLOOKUP(Q20,$S$12:$T$21,2,FALSE),0) -> 0 | M20: =SUM(C20:L20) -> 0 | N20: 80 | O20: =RANDBETWEEN(-15,15) -> -12 | P20: =N20+O20 -> 68 | Q20: =RANK(P20,$P$4:$P$23,0) -> 20 | S20: 9 | T20: 2
A21: Pilota 18 | B21: Team 3 | C21: =IF(Q21<=10,VLOOKUP(Q21,$S$12:$T$21,2,FALSE),0) -> 25 | M21: =SUM(C21:L21) -> 25 | N21: 80 | O21: =RANDBETWEEN(-15,15) -> 14 | P21: =N21+O21 -> 94 | Q21: =RANK(P21,$P$4:$P$23,0) -> 1 | S21: 10 | T21: 1
A22: Pilota 19 | B22: Team 4 | C22: =IF(Q22<=10,VLOOKUP(Q22,$S$12:$T$21,2,FALSE),0) -> 0 | M22: =SUM(C22:L22) -> 0 | N22: 80 | O22: =RANDBETWEEN(-15,15) -> -7 | P22: =N22+O22 -> 73 | Q22: =RANK(P22,$P$4:$P$23,0) -> 15
A23: Pilota 20 | B23: Team 5 | C23: =IF(Q23<=10,VLOOKUP(Q23,$S$12:$T$21,2,FALSE),0) -> 0 | M23: =SUM(C23:L23) -> 0 | N23: 80 | O23: =RANDBETWEEN(-15,15) -> -3 | P23: =N23+O23 -> 77 | Q23: =RANK(P23,$P$4:$P$23,0) -> 12

Sheet 1971
A1: Formula 1 - Stagione 1971
A3: Pilota | B3: Team | C3: G1 | D3: G2 | E3: G3 | F3: G4 | G3: G5 | H3: G6 | I3: G7 | J3: G8 | K3: G9 | L3: G10 | M3: Totale | N3: Overall | O3: Random | P3: Performance | Q3: Posizione Finale | S3: COME FUNZIONA
A4: Pilota 1 | B4: Team 1 | C4: =IF(Q4<=10,VLOOKUP(Q4,$S$12:$T$21,2,FALSE),0) -> 12 | M4: =SUM(C4:L4) -> 12 | N4: 80 | O4: =RANDBETWEEN(-15,15) -> 8 | P4: =N4+O4 -> 88 | Q4: =RANK(P4,$P$4:$P$23,0) -> 4 | S4: 1. Modifica l'Overall dei piloti
A5: Pilota 2 | B5: Team 2 | C5: =IF(Q5<=10,VLOOKUP(Q5,$S$12:$T$21,2,FALSE),0) -> 4 | M5: =SUM(C5:L5) -> 4 | N5: 80 | O5: =RANDBETWEEN(-15,15) -> 1 | P5: =N5+O5 -> 81 | Q5: =RANK(P5,$P$4:$P$23,0) -> 8 | S5: 2. Premi F9 in Excel per rigenerare la casualità
A6: Pilota 3 | B6: Team 3 | C6: =IF(Q6<=10,VLOOKUP(Q6,$S$12:$T$21,2,FALSE),0) -> 6 | M6: =SUM(C6:L6) -> 6 | N6: 80 | O6: =RANDBETWEEN(-15,15) -> 3 | P6: =N6+O6 -> 83 | Q6: =RANK(P6,$P$4:$P$23,0) -> 7 | S6: 3. Il valore Random simula incidenti, meteo, fortuna ecc.
A7: Pilota 4 | B7: Team 4 | C7: =IF(Q7<=10,VLOOKUP(Q7,$S$12:$T$21,2,FALSE),0) -> 0 | M7: =SUM(C7:L7) -> 0 | N7: 80 | O7: =RANDBETWEEN(-15,15) -> -10 | P7: =N7+O7 -> 70 | Q7: =RANK(P7,$P$4:$P$23,0) -> 15 | S7: 4. Performance = Overall + Casualità
A8: Pilota 5 | B8: Team 5 | C8: =IF(Q8<=10,VLOOKUP(Q8,$S$12:$T$21,2,FALSE),0) -> 0 | M8: =SUM(C8:L8) -> 0 | N8: 80 | O8: =RANDBETWEEN(-15,15) -> -4 | P8: =N8+O8 -> 76 | Q8: =RANK(P8,$P$4:$P$23,0) -> 12 | S8: 5. Posizione Finale aggiornata automaticamente
A9: Pilota 6 | B9: Team 1 | C9: =IF(Q9<=10,VLOOKUP(Q9,$S$12:$T$21,2,FALSE),0) -> 15 | M9: =SUM(C9:L9) -> 15 | N9: 80 | O9: =RANDBETWEEN(-15,15) -> 9 | P9: =N9+O9 -> 89 | Q9: =RANK(P9,$P$4:$P$23,0) -> 3
A10: Pilota 7 | B10: Team 2 | C10: =IF(Q10<=10,VLOOKUP(Q10,$S$12:$T$21,2,FALSE),0) -> 0 | M10: =SUM(C10:L10) -> 0 | N10: 80 | O10: =RANDBETWEEN(-15,15) -> -15 | P10: =N10+O10 -> 65 | Q10: =RANK(P10,$P$4:$P$23,0) -> 20
A11: Pilota 8 | B11: Team 3 | C11: =IF(Q11<=10,VLOOKUP(Q11,$S$12:$T$21,2,FALSE),0) -> 18 | M11: =SUM(C11:L11) -> 18 | N11: 80 | O11: =RANDBETWEEN(-15,15) -> 10 | P11: =N11+O11 -> 90 | Q11: =RANK(P11,$P$4:$P$23,0) -> 2 | S11: Sistema Punti
A12: Pilota 9 | B12: Team 4 | C12: =IF(Q12<=10,VLOOKUP(Q12,$S$12:$T$21,2,FALSE),0) -> 0 | M12: =SUM(C12:L12) -> 0 | N12: 80 | O12: =RANDBETWEEN(-15,15) -> -14 | P12: =N12+O12 -> 66 | Q12: =RANK(P12,$P$4:$P$23,0) -> 19 | S12: 1 | T12: 25
A13: Pilota 10 | B13: Team 5 | C13: =IF(Q13<=10,VLOOKUP(Q13,$S$12:$T$21,2,FALSE),0) -> 8 | M13: =SUM(C13:L13) -> 8 | N13: 80 | O13: =RANDBETWEEN(-15,15) -> 4 | P13: =N13+O13 -> 84 | Q13: =RANK(P13,$P$4:$P$23,0) -> 6 | S13: 2 | T13: 18
A14: Pilota 11 | B14: Team 1 | C14: =IF(Q14<=10,VLOOKUP(Q14,$S$12:$T$21,2,FALSE),0) -> 0 | M14: =SUM(C14:L14) -> 0 | N14: 80 | O14: =RANDBETWEEN(-15,15) -> -12 | P14: =N14+O14 -> 68 | Q14: =RANK(P14,$P$4:$P$23,0) -> 17 | S14: 3 | T14: 15
A15: Pilota 12 | B15: Team 2 | C15: =IF(Q15<=10,VLOOKUP(Q15,$S$12:$T$21,2,FALSE),0) -> 1 | M15: =SUM(C15:L15) -> 1 | N15: 80 | O15: =RANDBETWEEN(-15,15) -> -2 | P15: =N15+O15 -> 78 | Q15: =RANK(P15,$P$4:$P$23,0) -> 10 | S15: 4 | T15: 12
A16: Pilota 13 | B16: Team 3 | C16: =IF(Q16<=10,VLOOKUP(Q16,$S$12:$T$21,2,FALSE),0) -> 0 | M16: =SUM(C16:L16) -> 0 | N16: 80 | O16: =RANDBETWEEN(-15,15) -> -10 | P16: =N16+O16 -> 70 | Q16: =RANK(P16,$P$4:$P$23,0) -> 15 | S16: 5 | T16: 10
A17: Pilota 14 | B17: Team 4 | C17: =IF(Q17<=10,VLOOKUP(Q17,$S$12:$T$21,2,FALSE),0) -> 0 | M17: =SUM(C17:L17) -> 0 | N17: 80 | O17: =RANDBETWEEN(-15,15) -> -8 | P17: =N17+O17 -> 72 | Q17: =RANK(P17,$P$4:$P$23,0) -> 13 | S17: 6 | T17: 8
A18: Pilota 15 | B18: Team 5 | C18: =IF(Q18<=10,VLOOKUP(Q18,$S$12:$T$21,2,FALSE),0) -> 0 | M18: =SUM(C18:L18) -> 0 | N18: 80 | O18: =RANDBETWEEN(-15,15) -> -3 | P18: =N18+O18 -> 77 | Q18: =RANK(P18,$P$4:$P$23,0) -> 11 | S18: 7 | T18: 6
A19: Pilota 16 | B19: Team 1 | C19: =IF(Q19<=10,VLOOKUP(Q19,$S$12:$T$21,2,FALSE),0) -> 10 | M19: =SUM(C19:L19) -> 10 | N19: 80 | O19: =RANDBETWEEN(-15,15) -> 5 | P19: =N19+O19 -> 85 | Q19: =RANK(P19,$P$4:$P$23,0) -> 5 | S19: 8 | T19: 4
A20: Pilota 17 | B20: Team 2 | C20: =IF(Q20<=10,VLOOKUP(Q20,$S$12:$T$21,2,FALSE),0) -> 0 | M20: =SUM(C20:L20) -> 0 | N20: 80 | O20: =RANDBETWEEN(-15,15) -> -9 | P20: =N20+O20 -> 71 | Q20: =RANK(P20,$P$4:$P$23,0) -> 14 | S20: 9 | T20: 2
A21: Pilota 18 | B21: Team 3 | C21: =IF(Q21<=10,VLOOKUP(Q21,$S$12:$T$21,2,FALSE),0) -> 0 | M21: =SUM(C21:L21) -> 0 | N21: 80 | O21: =RANDBETWEEN(-15,15) -> -13 | P21: =N21+O21 -> 67 | Q21: =RANK(P21,$P$4:$P$23,0) -> 18 | S21: 10 | T21: 1
A22: Pilota 19 | B22: Team 4 | C22: =IF(Q22<=10,VLOOKUP(Q22,$S$12:$T$21,2,FALSE),0) -> 2 | M22: =SUM(C22:L22) -> 2 | N22: 80 | O22: =RANDBETWEEN(-15,15) -> 0 | P22: =N22+O22 -> 80 | Q22: =RANK(P22,$P$4:$P$23,0) -> 9
A23: Pilota 20 | B23: Team 5 | C23: =IF(Q23<=10,VLOOKUP(Q23,$S$12:$T$21,2,FALSE),0) -> 25 | M23: =SUM(C23:L23) -> 25 | N23: 80 | O23: =RANDBETWEEN(-15,15) -> 15 | P23: =N23+O23 -> 95 | Q23: =RANK(P23,$P$4:$P$23,0) -> 1

Sheet 1972
A1: Formula 1 - Stagione 1972
A3: Pilota | B3: Team | C3: G1 | D3: G2 | E3: G3 | F3: G4 | G3: G5 | H3: G6 | I3: G7 | J3: G8 | K3: G9 | L3: G10 | M3: Totale | N3: Overall | O3: Random | P3: Performance | Q3: Posizione Finale | S3: COME FUNZIONA
A4: Pilota 1 | B4: Team 1 | C4: =IF(Q4<=10,VLOOKUP(Q4,$S$12:$T$21,2,FALSE),0) -> 4 | M4: =SUM(C4:L4) -> 4 | N4: 80 | O4: =RANDBETWEEN(-15,15) -> 4 | P4: =N4+O4 -> 84 | Q4: =RANK(P4,$P$4:$P$23,0) -> 8 | S4: 1. Modifica l'Overall dei piloti
A5: Pilota 2 | B5: Team 2 | C5: =IF(Q5<=10,VLOOKUP(Q5,$S$12:$T$21,2,FALSE),0) -> 0 | M5: =SUM(C5:L5) -> 0 | N5: 80 | O5: =RANDBETWEEN(-15,15) -> -15 | P5: =N5+O5 -> 65 | Q5: =RANK(P5,$P$4:$P$23,0) -> 20 | S5: 2. Premi F9 in Excel per rigenerare la casualità
A6: Pilota 3 | B6: Team 3 | C6: =IF(Q6<=10,VLOOKUP(Q6,$S$12:$T$21,2,FALSE),0) -> 0 | M6: =SUM(C6:L6) -> 0 | N6: 80 | O6: =RANDBETWEEN(-15,15) -> -6 | P6: =N6+O6 -> 74 | Q6: =RANK(P6,$P$4:$P$23,0) -> 14 | S6: 3. Il valore Random simula incidenti, meteo, fortuna ecc.
A7: Pilota 4 | B7: Team 4 | C7: =IF(Q7<=10,VLOOKUP(Q7,$S$12:$T$21,2,FALSE),0) -> 0 | M7: =SUM(C7:L7) -> 0 | N7: 80 | O7: =RANDBETWEEN(-15,15) -> -3 | P7: =N7+O7 -> 77 | Q7: =RANK(P7,$P$4:$P$23,0) -> 12 | S7: 4. Performance = Overall + Casualità
A8: Pilota 5 | B8: Team 5 | C8: =IF(Q8<=10,VLOOKUP(Q8,$S$12:$T$21,2,FALSE),0) -> 8 | M8: =SUM(C8:L8) -> 8 | N8: 80 | O8: =RANDBETWEEN(-15,15) -> 6 | P8: =N8+O8 -> 86 | Q8: =RANK(P8,$P$4:$P$23,0) -> 6 | S8: 5. Posizione Finale aggiornata automaticamente
A9: Pilota 6 | B9: Team 1 | C9: =IF(Q9<=10,VLOOKUP(Q9,$S$12:$T$21,2,FALSE),0) -> 18 | M9: =SUM(C9:L9) -> 18 | N9: 80 | O9: =RANDBETWEEN(-15,15) -> 11 | P9: =N9+O9 -> 91 | Q9: =RANK(P9,$P$4:$P$23,0) -> 2
A10: Pilota 7 | B10: Team 2 | C10: =IF(Q10<=10,VLOOKUP(Q10,$S$12:$T$21,2,FALSE),0) -> 8 | M10: =SUM(C10:L10) -> 8 | N10: 80 | O10: =RANDBETWEEN(-15,15) -> 6 | P10: =N10+O10 -> 86 | Q10: =RANK(P10,$P$4:$P$23,0) -> 6
A11: Pilota 8 | B11: Team 3 | C11: =IF(Q11<=10,VLOOKUP(Q11,$S$12:$T$21,2,FALSE),0) -> 0 | M11: =SUM(C11:L11) -> 0 | N11: 80 | O11: =RANDBETWEEN(-15,15) -> -14 | P11: =N11+O11 -> 66 | Q11: =RANK(P11,$P$4:$P$23,0) -> 19 | S11: Sistema Punti
A12: Pilota 9 | B12: Team 4 | C12: =IF(Q12<=10,VLOOKUP(Q12,$S$12:$T$21,2,FALSE),0) -> 0 | M12: =SUM(C12:L12) -> 0 | N12: 80 | O12: =RANDBETWEEN(-15,15) -> -12 | P12: =N12+O12 -> 68 | Q12: =RANK(P12,$P$4:$P$23,0) -> 18 | S12: 1 | T12: 25
A13: Pilota 10 | B13: Team 5 | C13: =IF(Q13<=10,VLOOKUP(Q13,$S$12:$T$21,2,FALSE),0) -> 0 | M13: =SUM(C13:L13) -> 0 | N13: 80 | O13: =RANDBETWEEN(-15,15) -> -5 | P13: =N13+O13 -> 75 | Q13: =RANK(P13,$P$4:$P$23,0) -> 13 | S13: 2 | T13: 18
A14: Pilota 11 | B14: Team 1 | C14: =IF(Q14<=10,VLOOKUP(Q14,$S$12:$T$21,2,FALSE),0) -> 0 | M14: =SUM(C14:L14) -> 0 | N14: 80 | O14: =RANDBETWEEN(-15,15) -> -10 | P14: =N14+O14 -> 70 | Q14: =RANK(P14,$P$4:$P$23,0) -> 16 | S14: 3 | T14: 15
A15: Pilota 12 | B15: Team 2 | C15: =IF(Q15<=10,VLOOKUP(Q15,$S$12:$T$21,2,FALSE),0) -> 18 | M15: =SUM(C15:L15) -> 18 | N15: 80 | O15: =RANDBETWEEN(-15,15) -> 11 | P15: =N15+O15 -> 91 | Q15: =RANK(P15,$P$4:$P$23,0) -> 2 | S15: 4 | T15: 12
A16: Pilota 13 | B16: Team 3 | C16: =IF(Q16<=10,VLOOKUP(Q16,$S$12:$T$21,2,FALSE),0) -> 0 | M16: =SUM(C16:L16) -> 0 | N16: 80 | O16: =RANDBETWEEN(-15,15) -> -11 | P16: =N16+O16 -> 69 | Q16: =RANK(P16,$P$4:$P$23,0) -> 17 | S16: 5 | T16: 10
A17: Pilota 14 | B17: Team 4 | C17: =IF(Q17<=10,VLOOKUP(Q17,$S$12:$T$21,2,FALSE),0) -> 10 | M17: =SUM(C17:L17) -> 10 | N17: 80 | O17: =RANDBETWEEN(-15,15) -> 9 | P17: =N17+O17 -> 89 | Q17: =RANK(P17,$P$4:$P$23,0) -> 5 | S17: 6 | T17: 8
A18: Pilota 15 | B18: Team 5 | C18: =IF(Q18<=10,VLOOKUP(Q18,$S$12:$T$21,2,FALSE),0) -> 0 | M18: =SUM(C18:L18) -> 0 | N18: 80 | O18: =RANDBETWEEN(-15,15) -> -6 | P18: =N18+O18 -> 74 | Q18: =RANK(P18,$P$4:$P$23,0) -> 14 | S18: 7 | T18: 6
A19: Pilota 16 | B19: Team 1 | C19: =IF(Q19<=10,VLOOKUP(Q19,$S$12:$T$21,2,FALSE),0) -> 18 | M19: =SUM(C19:L19) -> 18 | N19: 80 | O19: =RANDBETWEEN(-15,15) -> 11 | P19: =N19+O19 -> 91 | Q19: =RANK(P19,$P$4:$P$23,0) -> 2 | S19: 8 | T19: 4
A20: Pilota 17 | B20: Team 2 | C20: =IF(Q20<=10,VLOOKUP(Q20,$S$12:$T$21,2,FALSE),0) -> 25 | M20: =SUM(C20:L20) -> 25 | N20: 80 | O20: =RANDBETWEEN(-15,15) -> 15 | P20: =N20+O20 -> 95 | Q20: =RANK(P20,$P$4:$P$23,0) -> 1 | S20: 9 | T20: 2
A21: Pilota 18 | B21: Team 3 | C21: =IF(Q21<=10,VLOOKUP(Q21,$S$12:$T$21,2,FALSE),0) -> 2 | M21: =SUM(C21:L21) -> 2 | N21: 80 | O21: =RANDBETWEEN(-15,15) -> 2 | P21: =N21+O21 -> 82 | Q21: =RANK(P21,$P$4:$P$23,0) -> 9 | S21: 10 | T21: 1
A22: Pilota 19 | B22: Team 4 | C22: =IF(Q22<=10,VLOOKUP(Q22,$S$12:$T$21,2,FALSE),0) -> 0 | M22: =SUM(C22:L22) -> 0 | N22: 80 | O22: =RANDBETWEEN(-15,15) -> -2 | P22: =N22+O22 -> 78 | Q22: =RANK(P22,$P$4:$P$23,0) -> 11
A23: Pilota 20 | B23: Team 5 | C23: =IF(Q23<=10,VLOOKUP(Q23,$S$12:$T$21,2,FALSE),0) -> 1 | M23: =SUM(C23:L23) -> 1 | N23: 80 | O23: =RANDBETWEEN(-15,15) -> -1 | P23: =N23+O23 -> 79 | Q23: =RANK(P23,$P$4:$P$23,0) -> 10

Sheet 1973
A1: Formula 1 - Stagione 1973
A3: Pilota | B3: Team | C3: G1 | D3: G2 | E3: G3 | F3: G4 | G3: G5 | H3: G6 | I3: G7 | J3: G8 | K3: G9 | L3: G10 | M3: Totale | N3: Overall | O3: Random | P3: Performance | Q3: Posizione Finale | S3: COME FUNZIONA
A4: Pilota 1 | B4: Team 1 | C4: =IF(Q4<=10,VLOOKUP(Q4,$S$12:$T$21,2,FALSE),0) -> 12 | M4: =SUM(C4:L4) -> 12 | N4: 80 | O4: =RANDBETWEEN(-15,15) -> 11 | P4: =N4+O4 -> 91 | Q4: =RANK(P4,$P$4:$P$23,0) -> 4 | S4: 1. Modifica l'Overall dei piloti
A5: Pilota 2 | B5: Team 2 | C5: =IF(Q5<=10,VLOOKUP(Q5,$S$12:$T$21,2,FALSE),0) -> 0 | M5: =SUM(C5:L5) -> 0 | N5: 80 | O5: =RANDBETWEEN(-15,15) -> -13 | P5: =N5+O5 -> 67 | Q5: =RANK(P5,$P$4:$P$23,0) -> 19 | S5: 2. Premi F9 in Excel per rigenerare la casualità
A6: Pilota 3 | B6: Team 3 | C6: =IF(Q6<=10,VLOOKUP(Q6,$S$12:$T$21,2,FALSE),0) -> 6 | M6: =SUM(C6:L6) -> 6 | N6: 80 | O6: =RANDBETWEEN(-15,15) -> 5 | P6: =N6+O6 -> 85 | Q6: =RANK(P6,$P$4:$P$23,0) -> 7 | S6: 3. Il valore Random simula incidenti, meteo, fortuna ecc.
A7: Pilota 4 | B7: Team 4 | C7: =IF(Q7<=10,VLOOKUP(Q7,$S$12:$T$21,2,FALSE),0) -> 6 | M7: =SUM(C7:L7) -> 6 | N7: 80 | O7: =RANDBETWEEN(-15,15) -> 5 | P7: =N7+O7 -> 85 | Q7: =RANK(P7,$P$4:$P$23,0) -> 7 | S7: 4. Performance = Overall + Casualità
A8: Pilota 5 | B8: Team 5 | C8: =IF(Q8<=10,VLOOKUP(Q8,$S$12:$T$21,2,FALSE),0) -> 0 | M8: =SUM(C8:L8) -> 0 | N8: 80 | O8: =RANDBETWEEN(-15,15) -> -2 | P8: =N8+O8 -> 78 | Q8: =RANK(P8,$P$4:$P$23,0) -> 11 | S8: 5. Posizione Finale aggiornata automaticamente
A9: Pilota 6 | B9: Team 1 | C9: =IF(Q9<=10,VLOOKUP(Q9,$S$12:$T$21,2,FALSE),0) -> 18 | M9: =SUM(C9:L9) -> 18 | N9: 80 | O9: =RANDBETWEEN(-15,15) -> 14 | P9: =N9+O9 -> 94 | Q9: =RANK(P9,$P$4:$P$23,0) -> 2
A10: Pilota 7 | B10: Team 2 | C10: =IF(Q10<=10,VLOOKUP(Q10,$S$12:$T$21,2,FALSE),0) -> 0 | M10: =SUM(C10:L10) -> 0 | N10: 80 | O10: =RANDBETWEEN(-15,15) -> -2 | P10: =N10+O10 -> 78 | Q10: =RANK(P10,$P$4:$P$23,0) -> 11
A11: Pilota 8 | B11: Team 3 | C11: =IF(Q11<=10,VLOOKUP(Q11,$S$12:$T$21,2,FALSE),0) -> 2 | M11: =SUM(C11:L11) -> 2 | N11: 80 | O11: =RANDBETWEEN(-15,15) -> 3 | P11: =N11+O11 -> 83 | Q11: =RANK(P11,$P$4:$P$23,0) -> 9 | S11: Sistema Punti
A12: Pilota 9 | B12: Team 4 | C12: =IF(Q12<=10,VLOOKUP(Q12,$S$12:$T$21,2,FALSE),0) -> 25 | M12: =SUM(C12:L12) -> 25 | N12: 80 | O12: =RANDBETWEEN(-15,15) -> 15 | P12: =N12+O12 -> 95 | Q12: =RANK(P12,$P$4:$P$23,0) -> 1 | S12: 1 | T12: 25
A13: Pilota 10 | B13: Team 5 | C13: =IF(Q13<=10,VLOOKUP(Q13,$S$12:$T$21,2,FALSE),0) -> 0 | M13: =SUM(C13:L13) -> 0 | N13: 80 | O13: =RANDBETWEEN(-15,15) -> -6 | P13: =N13+O13 -> 74 | Q13: =RANK(P13,$P$4:$P$23,0) -> 16 | S13: 2 | T13: 18
A14: Pilota 11 | B14: Team 1 | C14: =IF(Q14<=10,VLOOKUP(Q14,$S$12:$T$21,2,FALSE),0) -> 0 | M14: =SUM(C14:L14) -> 0 | N14: 80 | O14: =RANDBETWEEN(-15,15) -> -9 | P14: =N14+O14 -> 71 | Q14: =RANK(P14,$P$4:$P$23,0) -> 18 | S14: 3 | T14: 15
A15: Pilota 12 | B15: Team 2 | C15: =IF(Q15<=10,VLOOKUP(Q15,$S$12:$T$21,2,FALSE),0) -> 0 | M15: =SUM(C15:L15) -> 0 | N15: 80 | O15: =RANDBETWEEN(-15,15) -> -5 | P15: =N15+O15 -> 75 | Q15: =RANK(P15,$P$4:$P$23,0) -> 14 | S15: 4 | T15: 12
A16: Pilota 13 | B16: Team 3 | C16: =IF(Q16<=10,VLOOKUP(Q16,$S$12:$T$21,2,FALSE),0) -> 12 | M16: =SUM(C16:L16) -> 12 | N16: 80 | O16: =RANDBETWEEN(-15,15) -> 11 | P16: =N16+O16 -> 91 | Q16: =RANK(P16,$P$4:$P$23,0) -> 4 | S16: 5 | T16: 10
A17: Pilota 14 | B17: Team 4 | C17: =IF(Q17<=10,VLOOKUP(Q17,$S$12:$T$21,2,FALSE),0) -> 0 | M17: =SUM(C17:L17) -> 0 | N17: 80 | O17: =RANDBETWEEN(-15,15) -> -4 | P17: =N17+O17 -> 76 | Q17: =RANK(P17,$P$4:$P$23,0) -> 13 | S17: 6 | T17: 8
A18: Pilota 15 | B18: Team 5 | C18: =IF(Q18<=10,VLOOKUP(Q18,$S$12:$T$21,2,FALSE),0) -> 2 | M18: =SUM(C18:L18) -> 2 | N18: 80 | O18: =RANDBETWEEN(-15,15) -> 3 | P18: =N18+O18 -> 83 | Q18: =RANK(P18,$P$4:$P$23,0) -> 9 | S18: 7 | T18: 6
A19: Pilota 16 | B19: Team 1 | C19: =IF(Q19<=10,VLOOKUP(Q19,$S$12:$T$21,2,FALSE),0) -> 0 | M19: =SUM(C19:L19) -> 0 | N19: 80 | O19: =RANDBETWEEN(-15,15) -> -15 | P19: =N19+O19 -> 65 | Q19: =RANK(P19,$P$4:$P$23,0) -> 20 | S19: 8 | T19: 4
A20: Pilota 17 | B20: Team 2 | C20: =IF(Q20<=10,VLOOKUP(Q20,$S$12:$T$21,2,FALSE),0) -> 15 | M20: =SUM(C20:L20) -> 15 | N20: 80 | O20: =RANDBETWEEN(-15,15) -> 13 | P20: =N20+O20 -> 93 | Q20: =RANK(P20,$P$4:$P$23,0) -> 3 | S20: 9 | T20: 2
A21: Pilota 18 | B21: Team 3 | C21: =IF(Q21<=10,VLOOKUP(Q21,$S$12:$T$21,2,FALSE),0) -> 8 | M21: =SUM(C21:L21) -> 8 | N21: 80 | O21: =RANDBETWEEN(-15,15) -> 10 | P21: =N21+O21 -> 90 | Q21: =RANK(P21,$P$4:$P$23,0) -> 6 | S21: 10 | T21: 1
A22: Pilota 19 | B22: Team 4 | C22: =IF(Q22<=10,VLOOKUP(Q22,$S$12:$T$21,2,FALSE),0) -> 0 | M22: =SUM(C22:L22) -> 0 | N22: 80 | O22: =RANDBETWEEN(-15,15) -> -7 | P22: =N22+O22 -> 73 | Q22: =RANK(P22,$P$4:$P$23,0) -> 17
A23: Pilota 20 | B23: Team 5 | C23: =IF(Q23<=10,VLOOKUP(Q23,$S$12:$T$21,2,FALSE),0) -> 0 | M23: =SUM(C23:L23) -> 0 | N23: 80 | O23: =RANDBETWEEN(-15,15) -> -5 | P23: =N23+O23 -> 75 | Q23: =RANK(P23,$P$4:$P$23,0) -> 14

Sheet 1974
A1: Formula 1 - Stagione 1974
A3: Pilota | B3: Team | C3: G1 | D3: G2 | E3: G3 | F3: G4 | G3: G5 | H3: G6 | I3: G7 | J3: G8 | K3: G9 | L3: G10 | M3: Totale | N3: Overall | O3: Random | P3: Performance | Q3: Posizione Finale | S3: COME FUNZIONA
A4: Pilota 1 | B4: Team 1 | C4: =IF(Q4<=10,VLOOKUP(Q4,$S$12:$T$21,2,FALSE),0) -> 15 | M4: =SUM(C4:L4) -> 15 | N4: 80 | O4: =RANDBETWEEN(-15,15) -> 8 | P4: =N4+O4 -> 88 | Q4: =RANK(P4,$P$4:$P$23,0) -> 3 | S4: 1. Modifica l'Overall dei piloti
A5: Pilota 2 | B5: Team 2 | C5: =IF(Q5<=10,VLOOKUP(Q5,$S$12:$T$21,2,FALSE),0) -> 0 | M5: =SUM(C5:L5) -> 0 | N5: 80 | O5: =RANDBETWEEN(-15,15) -> -13 | P5: =N5+O5 -> 67 | Q5: =RANK(P5,$P$4:$P$23,0) -> 20 | S5: 2. Premi F9 in Excel per rigenerare la casualità
A6: Pilota 3 | B6: Team 3 | C6: =IF(Q6<=10,VLOOKUP(Q6,$S$12:$T$21,2,FALSE),0) -> 8 | M6: =SUM(C6:L6) -> 8 | N6: 80 | O6: =RANDBETWEEN(-15,15) -> 3 | P6: =N6+O6 -> 83 | Q6: =RANK(P6,$P$4:$P$23,0) -> 6 | S6: 3. Il valore Random simula incidenti, meteo, fortuna ecc.
A7: Pilota 4 | B7: Team 4 | C7: =IF(Q7<=10,VLOOKUP(Q7,$S$12:$T$21,2,FALSE),0) -> 0 | M7: =SUM(C7:L7) -> 0 | N7: 80 | O7: =RANDBETWEEN(-15,15) -> -3 | P7: =N7+O7 -> 77 | Q7: =RANK(P7,$P$4:$P$23,0) -> 12 | S7: 4. Performance = Overall + Casualità
A8: Pilota 5 | B8: Team 5 | C8: =IF(Q8<=10,VLOOKUP(Q8,$S$12:$T$21,2,FALSE),0) -> 2 | M8: =SUM(C8:L8) -> 2 | N8: 80 | O8: =RANDBETWEEN(-15,15) -> 0 | P8: =N8+O8 -> 80 | Q8: =RANK(P8,$P$4:$P$23,0) -> 9 | S8: 5. Posizione Finale aggiornata automaticamente
A9: Pilota 6 | B9: Team 1 | C9: =IF(Q9<=10,VLOOKUP(Q9,$S$12:$T$21,2,FALSE),0) -> 0 | M9: =SUM(C9:L9) -> 0 | N9: 80 | O9: =RANDBETWEEN(-15,15) -> -11 | P9: =N9+O9 -> 69 | Q9: =RANK(P9,$P$4:$P$23,0) -> 18
A10: Pilota 7 | B10: Team 2 | C10: =IF(Q10<=10,VLOOKUP(Q10,$S$12:$T$21,2,FALSE),0) -> 10 | M10: =SUM(C10:L10) -> 10 | N10: 80 | O10: =RANDBETWEEN(-15,15) -> 4 | P10: =N10+O10 -> 84 | Q10: =RANK(P10,$P$4:$P$23,0) -> 5
A11: Pilota 8 | B11: Team 3 | C11: =IF(Q11<=10,VLOOKUP(Q11,$S$12:$T$21,2,FALSE),0) -> 0 | M11: =SUM(C11:L11) -> 0 | N11: 80 | O11: =RANDBETWEEN(-15,15) -> -10 | P11: =N11+O11 -> 70 | Q11: =RANK(P11,$P$4:$P$23,0) -> 16 | S11: Sistema Punti
A12: Pilota 9 | B12: Team 4 | C12: =IF(Q12<=10,VLOOKUP(Q12,$S$12:$T$21,2,FALSE),0) -> 1 | M12: =SUM(C12:L12) -> 1 | N12: 80 | O12: =RANDBETWEEN(-15,15) -> -1 | P12: =N12+O12 -> 79 | Q12: =RANK(P12,$P$4:$P$23,0) -> 10 | S12: 1 | T12: 25
A13: Pilota 10 | B13: Team 5 | C13: =IF(Q13<=10,VLOOKUP(Q13,$S$12:$T$21,2,FALSE),0) -> 0 | M13: =SUM(C13:L13) -> 0 | N13: 80 | O13: =RANDBETWEEN(-15,15) -> -3 | P13: =N13+O13 -> 77 | Q13: =RANK(P13,$P$4:$P$23,0) -> 12 | S13: 2 | T13: 18
A14: Pilota 11 | B14: Team 1 | C14: =IF(Q14<=10,VLOOKUP(Q14,$S$12:$T$21,2,FALSE),0) -> 15 | M14: =SUM(C14:L14) -> 15 | N14: 80 | O14: =RANDBETWEEN(-15,15) -> 8 | P14: =N14+O14 -> 88 | Q14: =RANK(P14,$P$4:$P$23,0) -> 3 | S14: 3 | T14: 15
A15: Pilota 12 | B15: Team 2 | C15: =IF(Q15<=10,VLOOKUP(Q15,$S$12:$T$21,2,FALSE),0) -> 4 | M15: =SUM(C15:L15) -> 4 | N15: 80 | O15: =RANDBETWEEN(-15,15) -> 1 | P15: =N15+O15 -> 81 | Q15: =RANK(P15,$P$4:$P$23,0) -> 8 | S15: 4 | T15: 12
A16: Pilota 13 | B16: Team 3 | C16: =IF(Q16<=10,VLOOKUP(Q16,$S$12:$T$21,2,FALSE),0) -> 0 | M16: =SUM(C16:L16) -> 0 | N16: 80 | O16: =RANDBETWEEN(-15,15) -> -10 | P16: =N16+O16 -> 70 | Q16: =RANK(P16,$P$4:$P$23,0) -> 16 | S16: 5 | T16: 10
A17: Pilota 14 | B17: Team 4 | C17: =IF(Q17<=10,VLOOKUP(Q17,$S$12:$T$21,2,FALSE),0) -> 0 | M17: =SUM(C17:L17) -> 0 | N17: 80 | O17: =RANDBETWEEN(-15,15) -> -2 | P17: =N17+O17 -> 78 | Q17: =RANK(P17,$P$4:$P$23,0) -> 11 | S17: 6 | T17: 8
A18: Pilota 15 | B18: Team 5 | C18: =IF(Q18<=10,VLOOKUP(Q18,$S$12:$T$21,2,FALSE),0) -> 0 | M18: =SUM(C18:L18) -> 0 | N18: 80 | O18: =RANDBETWEEN(-15,15) -> -12 | P18: =N18+O18 -> 68 | Q18: =RANK(P18,$P$4:$P$23,0) -> 19 | S18: 7 | T18: 6
A19: Pilota 16 | B19: Team 1 | C19: =IF(Q19<=10,VLOOKUP(Q19,$S$12:$T$21,2,FALSE),0) -> 0 | M19: =SUM(C19:L19) -> 0 | N19: 80 | O19: =RANDBETWEEN(-15,15) -> -3 | P19: =N19+O19 -> 77 | Q19: =RANK(P19,$P$4:$P$23,0) -> 12 | S19: 8 | T19: 4
A20: Pilota 17 | B20: Team 2 | C20: =IF(Q20<=10,VLOOKUP(Q20,$S$12:$T$21,2,FALSE),0) -> 25 | M20: =SUM(C20:L20) -> 25 | N20: 80 | O20: =RANDBETWEEN(-15,15) -> 15 | P20: =N20+O20 -> 95 | Q20: =RANK(P20,$P$4:$P$23,0) -> 1 | S20: 9 | T20: 2
A21: Pilota 18 | B21: Team 3 | C21: =IF(Q21<=10,VLOOKUP(Q21,$S$12:$T$21,2,FALSE),0) -> 18 | M21: =SUM(C21:L21) -> 18 | N21: 80 | O21: =RANDBETWEEN(-15,15) -> 13 | P21: =N21+O21 -> 93 | Q21: =RANK(P21,$P$4:$P$23,0) -> 2 | S21: 10 | T21: 1
A22: Pilota 19 | B22: Team 4 | C22: =IF(Q22<=10,VLOOKUP(Q22,$S$12:$T$21,2,FALSE),0) -> 8 | M22: =SUM(C22:L22) -> 8 | N22: 80 | O22: =RANDBETWEEN(-15,15) -> 3 | P22: =N22+O22 -> 83 | Q22: =RANK(P22,$P$4:$P$23,0) -> 6
A23: Pilota 20 | B23: Team 5 | C23: =IF(Q23<=10,VLOOKUP(Q23,$S$12:$T$21,2,FALSE),0) -> 0 | M23: =SUM(C23:L23) -> 0 | N23: 80 | O23: =RANDBETWEEN(-15,15) -> -8 | P23: =N23+O23 -> 72 | Q23: =RANK(P23,$P$4:$P$23,0) -> 15

Sheet 1975
A1: Formula 1 - Stagione 1975
A3: Pilota | B3: Team | C3: G1 | D3: G2 | E3: G3 | F3: G4 | G3: G5 | H3: G6 | I3: G7 | J3: G8 | K3: G9 | L3: G10 | M3: Totale | N3: Overall | O3: Random | P3: Performance | Q3: Posizione Finale | S3: COME FUNZIONA
A4: Pilota 1 | B4: Team 1 | C4: =IF(Q4<=10,VLOOKUP(Q4,$S$12:$T$21,2,FALSE),0) -> 0 | M4: =SUM(C4:L4) -> 0 | N4: 80 | O4: =RANDBETWEEN(-15,15) -> -10 | P4: =N4+O4 -> 70 | Q4: =RANK(P4,$P$4:$P$23,0) -> 14 | S4: 1. Modifica l'Overall dei piloti
A5: Pilota 2 | B5: Team 2 | C5: =IF(Q5<=10,VLOOKUP(Q5,$S$12:$T$21,2,FALSE),0) -> 0 | M5: =SUM(C5:L5) -> 0 | N5: 80 | O5: =RANDBETWEEN(-15,15) -> -14 | P5: =N5+O5 -> 66 | Q5: =RANK(P5,$P$4:$P$23,0) -> 20 | S5: 2. Premi F9 in Excel per rigenerare la casualità
A6: Pilota 3 | B6: Team 3 | C6: =IF(Q6<=10,VLOOKUP(Q6,$S$12:$T$21,2,FALSE),0) -> 6 | M6: =SUM(C6:L6) -> 6 | N6: 80 | O6: =RANDBETWEEN(-15,15) -> 3 | P6: =N6+O6 -> 83 | Q6: =RANK(P6,$P$4:$P$23,0) -> 7 | S6: 3. Il valore Random simula incidenti, meteo, fortuna ecc.
A7: Pilota 4 | B7: Team 4 | C7: =IF(Q7<=10,VLOOKUP(Q7,$S$12:$T$21,2,FALSE),0) -> 2 | M7: =SUM(C7:L7) -> 2 | N7: 80 | O7: =RANDBETWEEN(-15,15) -> 1 | P7: =N7+O7 -> 81 | Q7: =RANK(P7,$P$4:$P$23,0) -> 9 | S7: 4. Performance = Overall + Casualità
A8: Pilota 5 | B8: Team 5 | C8: =IF(Q8<=10,VLOOKUP(Q8,$S$12:$T$21,2,FALSE),0) -> 1 | M8: =SUM(C8:L8) -> 1 | N8: 80 | O8: =RANDBETWEEN(-15,15) -> 0 | P8: =N8+O8 -> 80 | Q8: =RANK(P8,$P$4:$P$23,0) -> 10 | S8: 5. Posizione Finale aggiornata automaticamente
A9: Pilota 6 | B9: Team 1 | C9: =IF(Q9<=10,VLOOKUP(Q9,$S$12:$T$21,2,FALSE),0) -> 0 | M9: =SUM(C9:L9) -> 0 | N9: 80 | O9: =RANDBETWEEN(-15,15) -> -12 | P9: =N9+O9 -> 68 | Q9: =RANK(P9,$P$4:$P$23,0) -> 17
A10: Pilota 7 | B10: Team 2 | C10: =IF(Q10<=10,VLOOKUP(Q10,$S$12:$T$21,2,FALSE),0) -> 25 | M10: =SUM(C10:L10) -> 25 | N10: 80 | O10: =RANDBETWEEN(-15,15) -> 14 | P10: =N10+O10 -> 94 | Q10: =RANK(P10,$P$4:$P$23,0) -> 1
A11: Pilota 8 | B11: Team 3 | C11: =IF(Q11<=10,VLOOKUP(Q11,$S$12:$T$21,2,FALSE),0) -> 8 | M11: =SUM(C11:L11) -> 8 | N11: 80 | O11: =RANDBETWEEN(-15,15) -> 4 | P11: =N11+O11 -> 84 | Q11: =RANK(P11,$P$4:$P$23,0) -> 6 | S11: Sistema Punti
A12: Pilota 9 | B12: Team 4 | C12: =IF(Q12<=10,VLOOKUP(Q12,$S$12:$T$21,2,FALSE),0) -> 10 | M12: =SUM(C12:L12) -> 10 | N12: 80 | O12: =RANDBETWEEN(-15,15) -> 5 | P12: =N12+O12 -> 85 | Q12: =RANK(P12,$P$4:$P$23,0) -> 5 | S12: 1 | T12: 25
A13: Pilota 10 | B13: Team 5 | C13: =IF(Q13<=10,VLOOKUP(Q13,$S$12:$T$21,2,FALSE),0) -> 25 | M13: =SUM(C13:L13) -> 25 | N13: 80 | O13: =RANDBETWEEN(-15,15) -> 14 | P13: =N13+O13 -> 94 | Q13: =RANK(P13,$P$4:$P$23,0) -> 1 | S13: 2 | T13: 18
A14: Pilota 11 | B14: Team 1 | C14: =IF(Q14<=10,VLOOKUP(Q14,$S$12:$T$21,2,FALSE),0) -> 15 | M14: =SUM(C14:L14) -> 15 | N14: 80 | O14: =RANDBETWEEN(-15,15) -> 10 | P14: =N14+O14 -> 90 | Q14: =RANK(P14,$P$4:$P$23,0) -> 3 | S14: 3 | T14: 15
A15: Pilota 12 | B15: Team 2 | C15: =IF(Q15<=10,VLOOKUP(Q15,$S$12:$T$21,2,FALSE),0) -> 0 | M15: =SUM(C15:L15) -> 0 | N15: 80 | O15: =RANDBETWEEN(-15,15) -> -5 | P15: =N15+O15 -> 75 | Q15: =RANK(P15,$P$4:$P$23,0) -> 13 | S15: 4 | T15: 12
A16: Pilota 13 | B16: Team 3 | C16: =IF(Q16<=10,VLOOKUP(Q16,$S$12:$T$21,2,FALSE),0) -> 12 | M16: =SUM(C16:L16) -> 12 | N16: 80 | O16: =RANDBETWEEN(-15,15) -> 9 | P16: =N16+O16 -> 89 | Q16: =RANK(P16,$P$4:$P$23,0) -> 4 | S16: 5 | T16: 10
A17: Pilota 14 | B17: Team 4 | C17: =IF(Q17<=10,VLOOKUP(Q17,$S$12:$T$21,2,FALSE),0) -> 4 | M17: =SUM(C17:L17) -> 4 | N17: 80 | O17: =RANDBETWEEN(-15,15) -> 2 | P17: =N17+O17 -> 82 | Q17: =RANK(P17,$P$4:$P$23,0) -> 8 | S17: 6 | T17: 8
A18: Pilota 15 | B18: Team 5 | C18: =IF(Q18<=10,VLOOKUP(Q18,$S$12:$T$21,2,FALSE),0) -> 0 | M18: =SUM(C18:L18) -> 0 | N18: 80 | O18: =RANDBETWEEN(-15,15) -> -13 | P18: =N18+O18 -> 67 | Q18: =RANK(P18,$P$4:$P$23,0) -> 19 | S18: 7 | T18: 6
A19: Pilota 16 | B19: Team 1 | C19: =IF(Q19<=10,VLOOKUP(Q19,$S$12:$T$21,2,FALSE),0) -> 0 | M19: =SUM(C19:L19) -> 0 | N19: 80 | O19: =RANDBETWEEN(-15,15) -> -10 | P19: =N19+O19 -> 70 | Q19: =RANK(P19,$P$4:$P$23,0) -> 14 | S19: 8 | T19: 4
A20: Pilota 17 | B20: Team 2 | C20: =IF(Q20<=10,VLOOKUP(Q20,$S$12:$T$21,2,FALSE),0) -> 0 | M20: =SUM(C20:L20) -> 0 | N20: 80 | O20: =RANDBETWEEN(-15,15) -> -1 | P20: =N20+O20 -> 79 | Q20: =RANK(P20,$P$4:$P$23,0) -> 12 | S20: 9 | T20: 2
A21: Pilota 18 | B21: Team 3 | C21: =IF(Q21<=10,VLOOKUP(Q21,$S$12:$T$21,2,FALSE),0) -> 1 | M21: =SUM(C21:L21) -> 1 | N21: 80 | O21: =RANDBETWEEN(-15,15) -> 0 | P21: =N21+O21 -> 80 | Q21: =RANK(P21,$P$4:$P$23,0) -> 10 | S21: 10 | T21: 1
A22: Pilota 19 | B22: Team 4 | C22: =IF(Q22<=10,VLOOKUP(Q22,$S$12:$T$21,2,FALSE),0) -> 0 | M22: =SUM(C22:L22) -> 0 | N22: 80 | O22: =RANDBETWEEN(-15,15) -> -12 | P22: =N22+O22 -> 68 | Q22: =RANK(P22,$P$4:$P$23,0) -> 17
A23: Pilota 20 | B23: Team 5 | C23: =IF(Q23<=10,VLOOKUP(Q23,$S$12:$T$21,2,FALSE),0) -> 0 | M23: =SUM(C23:L23) -> 0 | N23: 80 | O23: =RANDBETWEEN(-15,15) -> -10 | P23: =N23+O23 -> 70 | Q23: =RANK(P23,$P$4:$P$23,0) -> 14

Sheet 1976
A1: Formula 1 - Stagione 1976
A3: Pilota | B3: Team | C3: G1 | D3: G2 | E3: G3 | F3: G4 | G3: G5 | H3: G6 | I3: G7 | J3: G8 | K3: G9 | L3: G10 | M3: Totale | N3: Overall | O3: Random | P3: Performance | Q3: Posizione Finale | S3: COME FUNZIONA
A4: Pilota 1 | B4: Team 1 | C4: =IF(Q4<=10,VLOOKUP(Q4,$S$12:$T$21,2,FALSE),0) -> 0 | M4: =SUM(C4:L4) -> 0 | N4: 80 | O4: =RANDBETWEEN(-15,15) -> -15 | P4: =N4+O4 -> 65 | Q4: =RANK(P4,$P$4:$P$23,0) -> 19 | S4: 1. Modifica l'Overall dei piloti
A5: Pilota 2 | B5: Team 2 | C5: =IF(Q5<=10,VLOOKUP(Q5,$S$12:$T$21,2,FALSE),0) -> 0 | M5: =SUM(C5:L5) -> 0 | N5: 80 | O5: =RANDBETWEEN(-15,15) -> -14 | P5: =N5+O5 -> 66 | Q5: =RANK(P5,$P$4:$P$23,0) -> 17 | S5: 2. Premi F9 in Excel per rigenerare la casualità
A6: Pilota 3 | B6: Team 3 | C6: =IF(Q6<=10,VLOOKUP(Q6,$S$12:$T$21,2,FALSE),0) -> 6 | M6: =SUM(C6:L6) -> 6 | N6: 80 | O6: =RANDBETWEEN(-15,15) -> 4 | P6: =N6+O6 -> 84 | Q6: =RANK(P6,$P$4:$P$23,0) -> 7 | S6: 3. Il valore Random simula incidenti, meteo, fortuna ecc.
A7: Pilota 4 | B7: Team 4 | C7: =IF(Q7<=10,VLOOKUP(Q7,$S$12:$T$21,2,FALSE),0) -> 1 | M7: =SUM(C7:L7) -> 1 | N7: 80 | O7: =RANDBETWEEN(-15,15) -> 0 | P7: =N7+O7 -> 80 | Q7: =RANK(P7,$P$4:$P$23,0) -> 10 | S7: 4. Performance = Overall + Casualità
A8: Pilota 5 | B8: Team 5 | C8: =IF(Q8<=10,VLOOKUP(Q8,$S$12:$T$21,2,FALSE),0) -> 15 | M8: =SUM(C8:L8) -> 15 | N8: 80 | O8: =RANDBETWEEN(-15,15) -> 10 | P8: =N8+O8 -> 90 | Q8: =RANK(P8,$P$4:$P$23,0) -> 3 | S8: 5. Posizione Finale aggiornata automaticamente
A9: Pilota 6 | B9: Team 1 | C9: =IF(Q9<=10,VLOOKUP(Q9,$S$12:$T$21,2,FALSE),0) -> 0 | M9: =SUM(C9:L9) -> 0 | N9: 80 | O9: =RANDBETWEEN(-15,15) -> -11 | P9: =N9+O9 -> 69 | Q9: =RANK(P9,$P$4:$P$23,0) -> 14
A10: Pilota 7 | B10: Team 2 | C10: =IF(Q10<=10,VLOOKUP(Q10,$S$12:$T$21,2,FALSE),0) -> 0 | M10: =SUM(C10:L10) -> 0 | N10: 80 | O10: =RANDBETWEEN(-15,15) -> -11 | P10: =N10+O10 -> 69 | Q10: =RANK(P10,$P$4:$P$23,0) -> 14
A11: Pilota 8 | B11: Team 3 | C11: =IF(Q11<=10,VLOOKUP(Q11,$S$12:$T$21,2,FALSE),0) -> 0 | M11: =SUM(C11:L11) -> 0 | N11: 80 | O11: =RANDBETWEEN(-15,15) -> -10 | P11: =N11+O11 -> 70 | Q11: =RANK(P11,$P$4:$P$23,0) -> 13 | S11: Sistema Punti
A12: Pilota 9 | B12: Team 4 | C12: =IF(Q12<=10,VLOOKUP(Q12,$S$12:$T$21,2,FALSE),0) -> 15 | M12: =SUM(C12:L12) -> 15 | N12: 80 | O12: =RANDBETWEEN(-15,15) -> 10 | P12: =N12+O12 -> 90 | Q12: =RANK(P12,$P$4:$P$23,0) -> 3 | S12: 1 | T12: 25
A13: Pilota 10 | B13: Team 5 | C13: =IF(Q13<=10,VLOOKUP(Q13,$S$12:$T$21,2,FALSE),0) -> 10 | M13: =SUM(C13:L13) -> 10 | N13: 80 | O13: =RANDBETWEEN(-15,15) -> 6 | P13: =N13+O13 -> 86 | Q13: =RANK(P13,$P$4:$P$23,0) -> 5 | S13: 2 | T13: 18
A14: Pilota 11 | B14: Team 1 | C14: =IF(Q14<=10,VLOOKUP(Q14,$S$12:$T$21,2,FALSE),0) -> 18 | M14: =SUM(C14:L14) -> 18 | N14: 80 | O14: =RANDBETWEEN(-15,15) -> 13 | P14: =N14+O14 -> 93 | Q14: =RANK(P14,$P$4:$P$23,0) -> 2 | S14: 3 | T14: 15
A15: Pilota 12 | B15: Team 2 | C15: =IF(Q15<=10,VLOOKUP(Q15,$S$12:$T$21,2,FALSE),0) -> 0 | M15: =SUM(C15:L15) -> 0 | N15: 80 | O15: =RANDBETWEEN(-15,15) -> -9 | P15: =N15+O15 -> 71 | Q15: =RANK(P15,$P$4:$P$23,0) -> 12 | S15: 4 | T15: 12
A16: Pilota 13 | B16: Team 3 | C16: =IF(Q16<=10,VLOOKUP(Q16,$S$12:$T$21,2,FALSE),0) -> 0 | M16: =SUM(C16:L16) -> 0 | N16: 80 | O16: =RANDBETWEEN(-15,15) -> -14 | P16: =N16+O16 -> 66 | Q16: =RANK(P16,$P$4:$P$23,0) -> 17 | S16: 5 | T16: 10
A17: Pilota 14 | B17: Team 4 | C17: =IF(Q17<=10,VLOOKUP(Q17,$S$12:$T$21,2,FALSE),0) -> 2 | M17: =SUM(C17:L17) -> 2 | N17: 80 | O17: =RANDBETWEEN(-15,15) -> 2 | P17: =N17+O17 -> 82 | Q17: =RANK(P17,$P$4:$P$23,0) -> 9 | S17: 6 | T17: 8
A18: Pilota 15 | B18: Team 5 | C18: =IF(Q18<=10,VLOOKUP(Q18,$S$12:$T$21,2,FALSE),0) -> 0 | M18: =SUM(C18:L18) -> 0 | N18: 80 | O18: =RANDBETWEEN(-15,15) -> -11 | P18: =N18+O18 -> 69 | Q18: =RANK(P18,$P$4:$P$23,0) -> 14 | S18: 7 | T18: 6
A19: Pilota 16 | B19: Team 1 | C19: =IF(Q19<=10,VLOOKUP(Q19,$S$12:$T$21,2,FALSE),0) -> 0 | M19: =SUM(C19:L19) -> 0 | N19: 80 | O19: =RANDBETWEEN(-15,15) -> -15 | P19: =N19+O19 -> 65 | Q19: =RANK(P19,$P$4:$P$23,0) -> 19 | S19: 8 | T19: 4
A20: Pilota 17 | B20: Team 2 | C20: =IF(Q20<=10,VLOOKUP(Q20,$S$12:$T$21,2,FALSE),0) -> 8 | M20: =SUM(C20:L20) -> 8 | N20: 80 | O20: =RANDBETWEEN(-15,15) -> 5 | P20: =N20+O20 -> 85 | Q20: =RANK(P20,$P$4:$P$23,0) -> 6 | S20: 9 | T20: 2
A21: Pilota 18 | B21: Team 3 | C21: =IF(Q21<=10,VLOOKUP(Q21,$S$12:$T$21,2,FALSE),0) -> 6 | M21: =SUM(C21:L21) -> 6 | N21: 80 | O21: =RANDBETWEEN(-15,15) -> 4 | P21: =N21+O21 -> 84 | Q21: =RANK(P21,$P$4:$P$23,0) -> 7 | S21: 10 | T21: 1
A22: Pilota 19 | B22: Team 4 | C22: =IF(Q22<=10,VLOOKUP(Q22,$S$12:$T$21,2,FALSE),0) -> 25 | M22: =SUM(C22:L22) -> 25 | N22: 80 | O22: =RANDBETWEEN(-15,15) -> 15 | P22: =N22+O22 -> 95 | Q22: =RANK(P22,$P$4:$P$23,0) -> 1
A23: Pilota 20 | B23: Team 5 | C23: =IF(Q23<=10,VLOOKUP(Q23,$S$12:$T$21,2,FALSE),0) -> 0 | M23: =SUM(C23:L23) -> 0 | N23: 80 | O23: =RANDBETWEEN(-15,15) -> -6 | P23: =N23+O23 -> 74 | Q23: =RANK(P23,$P$4:$P$23,0) -> 11

Sheet 1977
A1: Formula 1 - Stagione 1977
A3: Pilota | B3: Team | C3: G1 | D3: G2 | E3: G3 | F3: G4 | G3: G5 | H3: G6 | I3: G7 | J3: G8 | K3: G9 | L3: G10 | M3: Totale | N3: Overall | O3: Random | P3: Performance | Q3: Posizione Finale | S3: COME FUNZIONA
A4: Pilota 1 | B4: Team 1 | C4: =IF(Q4<=10,VLOOKUP(Q4,$S$12:$T$21,2,FALSE),0) -> 25 | M4: =SUM(C4:L4) -> 25 | N4: 80 | O4: =RANDBETWEEN(-15,15) -> 15 | P4: =N4+O4 -> 95 | Q4: =RANK(P4,$P$4:$P$23,0) -> 1 | S4: 1. Modifica l'Overall dei piloti
A5: Pilota 2 | B5: Team 2 | C5: =IF(Q5<=10,VLOOKUP(Q5,$S$12:$T$21,2,FALSE),0) -> 15 | M5: =SUM(C5:L5) -> 15 | N5: 80 | O5: =RANDBETWEEN(-15,15) -> 13 | P5: =N5+O5 -> 93 | Q5: =RANK(P5,$P$4:$P$23,0) -> 3 | S5: 2. Premi F9 in Excel per rigenerare la casualità
A6: Pilota 3 | B6: Team 3 | C6: =IF(Q6<=10,VLOOKUP(Q6,$S$12:$T$21,2,FALSE),0) -> 0 | M6: =SUM(C6:L6) -> 0 | N6: 80 | O6: =RANDBETWEEN(-15,15) -> -5 | P6: =N6+O6 -> 75 | Q6: =RANK(P6,$P$4:$P$23,0) -> 16 | S6: 3. Il valore Random simula incidenti, meteo, fortuna ecc.
A7: Pilota 4 | B7: Team 4 | C7: =IF(Q7<=10,VLOOKUP(Q7,$S$12:$T$21,2,FALSE),0) -> 0 | M7: =SUM(C7:L7) -> 0 | N7: 80 | O7: =RANDBETWEEN(-15,15) -> -7 | P7: =N7+O7 -> 73 | Q7: =RANK(P7,$P$4:$P$23,0) -> 17 | S7: 4. Performance = Overall + Casualità
A8: Pilota 5 | B8: Team 5 | C8: =IF(Q8<=10,VLOOKUP(Q8,$S$12:$T$21,2,FALSE),0) -> 0 | M8: =SUM(C8:L8) -> 0 | N8: 80 | O8: =RANDBETWEEN(-15,15) -> -1 | P8: =N8+O8 -> 79 | Q8: =RANK(P8,$P$4:$P$23,0) -> 11 | S8: 5. Posizione Finale aggiornata automaticamente
A9: Pilota 6 | B9: Team 1 | C9: =IF(Q9<=10,VLOOKUP(Q9,$S$12:$T$21,2,FALSE),0) -> 8 | M9: =SUM(C9:L9) -> 8 | N9: 80 | O9: =RANDBETWEEN(-15,15) -> 4 | P9: =N9+O9 -> 84 | Q9: =RANK(P9,$P$4:$P$23,0) -> 6
A10: Pilota 7 | B10: Team 2 | C10: =IF(Q10<=10,VLOOKUP(Q10,$S$12:$T$21,2,FALSE),0) -> 12 | M10: =SUM(C10:L10) -> 12 | N10: 80 | O10: =RANDBETWEEN(-15,15) -> 10 | P10: =N10+O10 -> 90 | Q10: =RANK(P10,$P$4:$P$23,0) -> 4
A11: Pilota 8 | B11: Team 3 | C11: =IF(Q11<=10,VLOOKUP(Q11,$S$12:$T$21,2,FALSE),0) -> 0 | M11: =SUM(C11:L11) -> 0 | N11: 80 | O11: =RANDBETWEEN(-15,15) -> -3 | P11: =N11+O11 -> 77 | Q11: =RANK(P11,$P$4:$P$23,0) -> 15 | S11: Sistema Punti
A12: Pilota 9 | B12: Team 4 | C12: =IF(Q12<=10,VLOOKUP(Q12,$S$12:$T$21,2,FALSE),0) -> 0 | M12: =SUM(C12:L12) -> 0 | N12: 80 | O12: =RANDBETWEEN(-15,15) -> -8 | P12: =N12+O12 -> 72 | Q12: =RANK(P12,$P$4:$P$23,0) -> 18 | S12: 1 | T12: 25
A13: Pilota 10 | B13: Team 5 | C13: =IF(Q13<=10,VLOOKUP(Q13,$S$12:$T$21,2,FALSE),0) -> 2 | M13: =SUM(C13:L13) -> 2 | N13: 80 | O13: =RANDBETWEEN(-15,15) -> 0 | P13: =N13+O13 -> 80 | Q13: =RANK(P13,$P$4:$P$23,0) -> 9 | S13: 2 | T13: 18
A14: Pilota 11 | B14: Team 1 | C14: =IF(Q14<=10,VLOOKUP(Q14,$S$12:$T$21,2,FALSE),0) -> 6 | M14: =SUM(C14:L14) -> 6 | N14: 80 | O14: =RANDBETWEEN(-15,15) -> 3 | P14: =N14+O14 -> 83 | Q14: =RANK(P14,$P$4:$P$23,0) -> 7 | S14: 3 | T14: 15
A15: Pilota 12 | B15: Team 2 | C15: =IF(Q15<=10,VLOOKUP(Q15,$S$12:$T$21,2,FALSE),0) -> 10 | M15: =SUM(C15:L15) -> 10 | N15: 80 | O15: =RANDBETWEEN(-15,15) -> 8 | P15: =N15+O15 -> 88 | Q15: =RANK(P15,$P$4:$P$23,0) -> 5 | S15: 4 | T15: 12
A16: Pilota 13 | B16: Team 3 | C16: =IF(Q16<=10,VLOOKUP(Q16,$S$12:$T$21,2,FALSE),0) -> 6 | M16: =SUM(C16:L16) -> 6 | N16: 80 | O16: =RANDBETWEEN(-15,15) -> 3 | P16: =N16+O16 -> 83 | Q16: =RANK(P16,$P$4:$P$23,0) -> 7 | S16: 5 | T16: 10
A17: Pilota 14 | B17: Team 4 | C17: =IF(Q17<=10,VLOOKUP(Q17,$S$12:$T$21,2,FALSE),0) -> 0 | M17: =SUM(C17:L17) -> 0 | N17: 80 | O17: =RANDBETWEEN(-15,15) -> -2 | P17: =N17+O17 -> 78 | Q17: =RANK(P17,$P$4:$P$23,0) -> 13 | S17: 6 | T17: 8
A18: Pilota 15 | B18: Team 5 | C18: =IF(Q18<=10,VLOOKUP(Q18,$S$12:$T$21,2,FALSE),0) -> 0 | M18: =SUM(C18:L18) -> 0 | N18: 80 | O18: =RANDBETWEEN(-15,15) -> -1 | P18: =N18+O18 -> 79 | Q18: =RANK(P18,$P$4:$P$23,0) -> 11 | S18: 7 | T18: 6
A19: Pilota 16 | B19: Team 1 | C19: =IF(Q19<=10,VLOOKUP(Q19,$S$12:$T$21,2,FALSE),0) -> 0 | M19: =SUM(C19:L19) -> 0 | N19: 80 | O19: =RANDBETWEEN(-15,15) -> -10 | P19: =N19+O19 -> 70 | Q19: =RANK(P19,$P$4:$P$23,0) -> 20 | S19: 8 | T19: 4
A20: Pilota 17 | B20: Team 2 | C20: =IF(Q20<=10,VLOOKUP(Q20,$S$12:$T$21,2,FALSE),0) -> 25 | M20: =SUM(C20:L20) -> 25 | N20: 80 | O20: =RANDBETWEEN(-15,15) -> 15 | P20: =N20+O20 -> 95 | Q20: =RANK(P20,$P$4:$P$23,0) -> 1 | S20: 9 | T20: 2
A21: Pilota 18 | B21: Team 3 | C21: =IF(Q21<=10,VLOOKUP(Q21,$S$12:$T$21,2,FALSE),0) -> 0 | M21: =SUM(C21:L21) -> 0 | N21: 80 | O21: =RANDBETWEEN(-15,15) -> -9 | P21: =N21+O21 -> 71 | Q21: =RANK(P21,$P$4:$P$23,0) -> 19 | S21: 10 | T21: 1
A22: Pilota 19 | B22: Team 4 | C22: =IF(Q22<=10,VLOOKUP(Q22,$S$12:$T$21,2,FALSE),0) -> 0 | M22: =SUM(C22:L22) -> 0 | N22: 80 | O22: =RANDBETWEEN(-15,15) -> -2 | P22: =N22+O22 -> 78 | Q22: =RANK(P22,$P$4:$P$23,0) -> 13
A23: Pilota 20 | B23: Team 5 | C23: =IF(Q23<=10,VLOOKUP(Q23,$S$12:$T$21,2,FALSE),0) -> 2 | M23: =SUM(C23:L23) -> 2 | N23: 80 | O23: =RANDBETWEEN(-15,15) -> 0 | P23: =N23+O23 -> 80 | Q23: =RANK(P23,$P$4:$P$23,0) -> 9

Sheet 1978
A1: Formula 1 - Stagione 1978
A3: Pilota | B3: Team | C3: G1 | D3: G2 | E3: G3 | F3: G4 | G3: G5 | H3: G6 | I3: G7 | J3: G8 | K3: G9 | L3: G10 | M3: Totale | N3: Overall | O3: Random | P3: Performance | Q3: Posizione Finale | S3: COME FUNZIONA
A4: Pilota 1 | B4: Team 1 | C4: =IF(Q4<=10,VLOOKUP(Q4,$S$12:$T$21,2,FALSE),0) -> 8 | M4: =SUM(C4:L4) -> 8 | N4: 80 | O4: =RANDBETWEEN(-15,15) -> 10 | P4: =N4+O4 -> 90 | Q4: =RANK(P4,$P$4:$P$23,0) -> 6 | S4: 1. Modifica l'Overall dei piloti
A5: Pilota 2 | B5: Team 2 | C5: =IF(Q5<=10,VLOOKUP(Q5,$S$12:$T$21,2,FALSE),0) -> 0 | M5: =SUM(C5:L5) -> 0 | N5: 80 | O5: =RANDBETWEEN(-15,15) -> 1 | P5: =N5+O5 -> 81 | Q5: =RANK(P5,$P$4:$P$23,0) -> 15 | S5: 2. Premi F9 in Excel per rigenerare la casualità
A6: Pilota 3 | B6: Team 3 | C6: =IF(Q6<=10,VLOOKUP(Q6,$S$12:$T$21,2,FALSE),0) -> 8 | M6: =SUM(C6:L6) -> 8 | N6: 80 | O6: =RANDBETWEEN(-15,15) -> 10 | P6: =N6+O6 -> 90 | Q6: =RANK(P6,$P$4:$P$23,0) -> 6 | S6: 3. Il valore Random simula incidenti, meteo, fortuna ecc.
A7: Pilota 4 | B7: Team 4 | C7: =IF(Q7<=10,VLOOKUP(Q7,$S$12:$T$21,2,FALSE),0) -> 0 | M7: =SUM(C7:L7) -> 0 | N7: 80 | O7: =RANDBETWEEN(-15,15) -> -8 | P7: =N7+O7 -> 72 | Q7: =RANK(P7,$P$4:$P$23,0) -> 17 | S7: 4. Performance = Overall + Casualità
A8: Pilota 5 | B8: Team 5 | C8: =IF(Q8<=10,VLOOKUP(Q8,$S$12:$T$21,2,FALSE),0) -> 0 | M8: =SUM(C8:L8) -> 0 | N8: 80 | O8: =RANDBETWEEN(-15,15) -> 3 | P8: =N8+O8 -> 83 | Q8: =RANK(P8,$P$4:$P$23,0) -> 14 | S8: 5. Posizione Finale aggiornata automaticamente
A9: Pilota 6 | B9: Team 1 | C9: =IF(Q9<=10,VLOOKUP(Q9,$S$12:$T$21,2,FALSE),0) -> 0 | M9: =SUM(C9:L9) -> 0 | N9: 80 | O9: =RANDBETWEEN(-15,15) -> 0 | P9: =N9+O9 -> 80 | Q9: =RANK(P9,$P$4:$P$23,0) -> 16
A10: Pilota 7 | B10: Team 2 | C10: =IF(Q10<=10,VLOOKUP(Q10,$S$12:$T$21,2,FALSE),0) -> 4 | M10: =SUM(C10:L10) -> 4 | N10: 80 | O10: =RANDBETWEEN(-15,15) -> 9 | P10: =N10+O10 -> 89 | Q10: =RANK(P10,$P$4:$P$23,0) -> 8
A11: Pilota 8 | B11: Team 3 | C11: =IF(Q11<=10,VLOOKUP(Q11,$S$12:$T$21,2,FALSE),0) -> 25 | M11: =SUM(C11:L11) -> 25 | N11: 80 | O11: =RANDBETWEEN(-15,15) -> 13 | P11: =N11+O11 -> 93 | Q11: =RANK(P11,$P$4:$P$23,0) -> 1 | S11: Sistema Punti
A12: Pilota 9 | B12: Team 4 | C12: =IF(Q12<=10,VLOOKUP(Q12,$S$12:$T$21,2,FALSE),0) -> 0 | M12: =SUM(C12:L12) -> 0 | N12: 80 | O12: =RANDBETWEEN(-15,15) -> -15 | P12: =N12+O12 -> 65 | Q12: =RANK(P12,$P$4:$P$23,0) -> 20 | S12: 1 | T12: 25
A13: Pilota 10 | B13: Team 5 | C13: =IF(Q13<=10,VLOOKUP(Q13,$S$12:$T$21,2,FALSE),0) -> 10 | M13: =SUM(C13:L13) -> 10 | N13: 80 | O13: =RANDBETWEEN(-15,15) -> 12 | P13: =N13+O13 -> 92 | Q13: =RANK(P13,$P$4:$P$23,0) -> 5 | S13: 2 | T13: 18
A14: Pilota 11 | B14: Team 1 | C14: =IF(Q14<=10,VLOOKUP(Q14,$S$12:$T$21,2,FALSE),0) -> 0 | M14: =SUM(C14:L14) -> 0 | N14: 80 | O14: =RANDBETWEEN(-15,15) -> 4 | P14: =N14+O14 -> 84 | Q14: =RANK(P14,$P$4:$P$23,0) -> 13 | S14: 3 | T14: 15
A15: Pilota 12 | B15: Team 2 | C15: =IF(Q15<=10,VLOOKUP(Q15,$S$12:$T$21,2,FALSE),0) -> 0 | M15: =SUM(C15:L15) -> 0 | N15: 80 | O15: =RANDBETWEEN(-15,15) -> -13 | P15: =N15+O15 -> 67 | Q15: =RANK(P15,$P$4:$P$23,0) -> 19 | S15: 4 | T15: 12
A16: Pilota 13 | B16: Team 3 | C16: =IF(Q16<=10,VLOOKUP(Q16,$S$12:$T$21,2,FALSE),0) -> 2 | M16: =SUM(C16:L16) -> 2 | N16: 80 | O16: =RANDBETWEEN(-15,15) -> 7 | P16: =N16+O16 -> 87 | Q16: =RANK(P16,$P$4:$P$23,0) -> 9 | S16: 5 | T16: 10
A17: Pilota 14 | B17: Team 4 | C17: =IF(Q17<=10,VLOOKUP(Q17,$S$12:$T$21,2,FALSE),0) -> 25 | M17: =SUM(C17:L17) -> 25 | N17: 80 | O17: =RANDBETWEEN(-15,15) -> 13 | P17: =N17+O17 -> 93 | Q17: =RANK(P17,$P$4:$P$23,0) -> 1 | S17: 6 | T17: 8
A18: Pilota 15 | B18: Team 5 | C18: =IF(Q18<=10,VLOOKUP(Q18,$S$12:$T$21,2,FALSE),0) -> 25 | M18: =SUM(C18:L18) -> 25 | N18: 80 | O18: =RANDBETWEEN(-15,15) -> 13 | P18: =N18+O18 -> 93 | Q18: =RANK(P18,$P$4:$P$23,0) -> 1 | S18: 7 | T18: 6
A19: Pilota 16 | B19: Team 1 | C19: =IF(Q19<=10,VLOOKUP(Q19,$S$12:$T$21,2,FALSE),0) -> 25 | M19: =SUM(C19:L19) -> 25 | N19: 80 | O19: =RANDBETWEEN(-15,15) -> 13 | P19: =N19+O19 -> 93 | Q19: =RANK(P19,$P$4:$P$23,0) -> 1 | S19: 8 | T19: 4
A20: Pilota 17 | B20: Team 2 | C20: =IF(Q20<=10,VLOOKUP(Q20,$S$12:$T$21,2,FALSE),0) -> 2 | M20: =SUM(C20:L20) -> 2 | N20: 80 | O20: =RANDBETWEEN(-15,15) -> 7 | P20: =N20+O20 -> 87 | Q20: =RANK(P20,$P$4:$P$23,0) -> 9 | S20: 9 | T20: 2
A21: Pilota 18 | B21: Team 3 | C21: =IF(Q21<=10,VLOOKUP(Q21,$S$12:$T$21,2,FALSE),0) -> 0 | M21: =SUM(C21:L21) -> 0 | N21: 80 | O21: =RANDBETWEEN(-15,15) -> -9 | P21: =N21+O21 -> 71 | Q21: =RANK(P21,$P$4:$P$23,0) -> 18 | S21: 10 | T21: 1
A22: Pilota 19 | B22: Team 4 | C22: =IF(Q22<=10,VLOOKUP(Q22,$S$12:$T$21,2,FALSE),0) -> 0 | M22: =SUM(C22:L22) -> 0 | N22: 80 | O22: =RANDBETWEEN(-15,15) -> 5 | P22: =N22+O22 -> 85 | Q22: =RANK(P22,$P$4:$P$23,0) -> 11
A23: Pilota 20 | B23: Team 5 | C23: =IF(Q23<=10,VLOOKUP(Q23,$S$12:$T$21,2,FALSE),0) -> 0 | M23: =SUM(C23:L23) -> 0 | N23: 80 | O23: =RANDBETWEEN(-15,15) -> 5 | P23: =N23+O23 -> 85 | Q23: =RANK(P23,$P$4:$P$23,0) -> 11

Sheet 1979
A1: Formula 1 - Stagione 1979
A3: Pilota | B3: Team | C3: G1 | D3: G2 | E3: G3 | F3: G4 | G3: G5 | H3: G6 | I3: G7 | J3: G8 | K3: G9 | L3: G10 | M3: Totale | N3: Overall | O3: Random | P3: Performance | Q3: Posizione Finale | S3: COME FUNZIONA
A4: Pilota 1 | B4: Team 1 | C4: =IF(Q4<=10,VLOOKUP(Q4,$S$12:$T$21,2,FALSE),0) -> 0 | M4: =SUM(C4:L4) -> 0 | N4: 80 | O4: =RANDBETWEEN(-15,15) -> 4 | P4: =N4+O4 -> 84 | Q4: =RANK(P4,$P$4:$P$23,0) -> 12 | S4: 1. Modifica l'Overall dei piloti
A5: Pilota 2 | B5: Team 2 | C5: =IF(Q5<=10,VLOOKUP(Q5,$S$12:$T$21,2,FALSE),0) -> 10 | M5: =SUM(C5:L5) -> 10 | N5: 80 | O5: =RANDBETWEEN(-15,15) -> 12 | P5: =N5+O5 -> 92 | Q5: =RANK(P5,$P$4:$P$23,0) -> 5 | S5: 2. Premi F9 in Excel per rigenerare la casualità
A6: Pilota 3 | B6: Team 3 | C6: =IF(Q6<=10,VLOOKUP(Q6,$S$12:$T$21,2,FALSE),0) -> 0 | M6: =SUM(C6:L6) -> 0 | N6: 80 | O6: =RANDBETWEEN(-15,15) -> 3 | P6: =N6+O6 -> 83 | Q6: =RANK(P6,$P$4:$P$23,0) -> 14 | S6: 3. Il valore Random simula incidenti, meteo, fortuna ecc.
A7: Pilota 4 | B7: Team 4 | C7: =IF(Q7<=10,VLOOKUP(Q7,$S$12:$T$21,2,FALSE),0) -> 0 | M7: =SUM(C7:L7) -> 0 | N7: 80 | O7: =RANDBETWEEN(-15,15) -> 3 | P7: =N7+O7 -> 83 | Q7: =RANK(P7,$P$4:$P$23,0) -> 14 | S7: 4. Performance = Overall + Casualità
A8: Pilota 5 | B8: Team 5 | C8: =IF(Q8<=10,VLOOKUP(Q8,$S$12:$T$21,2,FALSE),0) -> 0 | M8: =SUM(C8:L8) -> 0 | N8: 80 | O8: =RANDBETWEEN(-15,15) -> -12 | P8: =N8+O8 -> 68 | Q8: =RANK(P8,$P$4:$P$23,0) -> 18 | S8: 5. Posizione Finale aggiornata automaticamente
A9: Pilota 6 | B9: Team 1 | C9: =IF(Q9<=10,VLOOKUP(Q9,$S$12:$T$21,2,FALSE),0) -> 2 | M9: =SUM(C9:L9) -> 2 | N9: 80 | O9: =RANDBETWEEN(-15,15) -> 7 | P9: =N9+O9 -> 87 | Q9: =RANK(P9,$P$4:$P$23,0) -> 9
A10: Pilota 7 | B10: Team 2 | C10: =IF(Q10<=10,VLOOKUP(Q10,$S$12:$T$21,2,FALSE),0) -> 15 | M10: =SUM(C10:L10) -> 15 | N10: 80 | O10: =RANDBETWEEN(-15,15) -> 13 | P10: =N10+O10 -> 93 | Q10: =RANK(P10,$P$4:$P$23,0) -> 3
A11: Pilota 8 | B11: Team 3 | C11: =IF(Q11<=10,VLOOKUP(Q11,$S$12:$T$21,2,FALSE),0) -> 0 | M11: =SUM(C11:L11) -> 0 | N11: 80 | O11: =RANDBETWEEN(-15,15) -> -5 | P11: =N11+O11 -> 75 | Q11: =RANK(P11,$P$4:$P$23,0) -> 17 | S11: Sistema Punti
A12: Pilota 9 | B12: Team 4 | C12: =IF(Q12<=10,VLOOKUP(Q12,$S$12:$T$21,2,FALSE),0) -> 10 | M12: =SUM(C12:L12) -> 10 | N12: 80 | O12: =RANDBETWEEN(-15,15) -> 12 | P12: =N12+O12 -> 92 | Q12: =RANK(P12,$P$4:$P$23,0) -> 5 | S12: 1 | T12: 25
A13: Pilota 10 | B13: Team 5 | C13: =IF(Q13<=10,VLOOKUP(Q13,$S$12:$T$21,2,FALSE),0) -> 2 | M13: =SUM(C13:L13) -> 2 | N13: 80 | O13: =RANDBETWEEN(-15,15) -> 7 | P13: =N13+O13 -> 87 | Q13: =RANK(P13,$P$4:$P$23,0) -> 9 | S13: 2 | T13: 18
A14: Pilota 11 | B14: Team 1 | C14: =IF(Q14<=10,VLOOKUP(Q14,$S$12:$T$21,2,FALSE),0) -> 0 | M14: =SUM(C14:L14) -> 0 | N14: 80 | O14: =RANDBETWEEN(-15,15) -> -12 | P14: =N14+O14 -> 68 | Q14: =RANK(P14,$P$4:$P$23,0) -> 18 | S14: 3 | T14: 15
A15: Pilota 12 | B15: Team 2 | C15: =IF(Q15<=10,VLOOKUP(Q15,$S$12:$T$21,2,FALSE),0) -> 25 | M15: =SUM(C15:L15) -> 25 | N15: 80 | O15: =RANDBETWEEN(-15,15) -> 15 | P15: =N15+O15 -> 95 | Q15: =RANK(P15,$P$4:$P$23,0) -> 1 | S15: 4 | T15: 12
A16: Pilota 13 | B16: Team 3 | C16: =IF(Q16<=10,VLOOKUP(Q16,$S$12:$T$21,2,FALSE),0) -> 4 | M16: =SUM(C16:L16) -> 4 | N16: 80 | O16: =RANDBETWEEN(-15,15) -> 9 | P16: =N16+O16 -> 89 | Q16: =RANK(P16,$P$4:$P$23,0) -> 8 | S16: 5 | T16: 10
A17: Pilota 14 | B17: Team 4 | C17: =IF(Q17<=10,VLOOKUP(Q17,$S$12:$T$21,2,FALSE),0) -> 0 | M17: =SUM(C17:L17) -> 0 | N17: 80 | O17: =RANDBETWEEN(-15,15) -> 2 | P17: =N17+O17 -> 82 | Q17: =RANK(P17,$P$4:$P$23,0) -> 16 | S17: 6 | T17: 8
A18: Pilota 15 | B18: Team 5 | C18: =IF(Q18<=10,VLOOKUP(Q18,$S$12:$T$21,2,FALSE),0) -> 2 | M18: =SUM(C18:L18) -> 2 | N18: 80 | O18: =RANDBETWEEN(-15,15) -> 7 | P18: =N18+O18 -> 87 | Q18: =RANK(P18,$P$4:$P$23,0) -> 9 | S18: 7 | T18: 6
A19: Pilota 16 | B19: Team 1 | C19: =IF(Q19<=10,VLOOKUP(Q19,$S$12:$T$21,2,FALSE),0) -> 0 | M19: =SUM(C19:L19) -> 0 | N19: 80 | O19: =RANDBETWEEN(-15,15) -> -13 | P19: =N19+O19 -> 67 | Q19: =RANK(P19,$P$4:$P$23,0) -> 20 | S19: 8 | T19: 4
A20: Pilota 17 | B20: Team 2 | C20: =IF(Q20<=10,VLOOKUP(Q20,$S$12:$T$21,2,FALSE),0) -> 18 | M20: =SUM(C20:L20) -> 18 | N20: 80 | O20: =RANDBETWEEN(-15,15) -> 14 | P20: =N20+O20 -> 94 | Q20: =RANK(P20,$P$4:$P$23,0) -> 2 | S20: 9 | T20: 2
A21: Pilota 18 | B21: Team 3 | C21: =IF(Q21<=10,VLOOKUP(Q21,$S$12:$T$21,2,FALSE),0) -> 6 | M21: =SUM(C21:L21) -> 6 | N21: 80 | O21: =RANDBETWEEN(-15,15) -> 11 | P21: =N21+O21 -> 91 | Q21: =RANK(P21,$P$4:$P$23,0) -> 7 | S21: 10 | T21: 1
A22: Pilota 19 | B22: Team 4 | C22: =IF(Q22<=10,VLOOKUP(Q22,$S$12:$T$21,2,FALSE),0) -> 15 | M22: =SUM(C22:L22) -> 15 | N22: 80 | O22: =RANDBETWEEN(-15,15) -> 13 | P22: =N22+O22 -> 93 | Q22: =RANK(P22,$P$4:$P$23,0) -> 3
A23: Pilota 20 | B23: Team 5 | C23: =IF(Q23<=10,VLOOKUP(Q23,$S$12:$T$21,2,FALSE),0) -> 0 | M23: =SUM(C23:L23) -> 0 | N23: 80 | O23: =RANDBETWEEN(-15,15) -> 4 | P23: =N23+O23 -> 84 | Q23: =RANK(P23,$P$4:$P$23,0) -> 12

Sheet 1980
A1: Formula 1 - Stagione 1980
A3: Pilota | B3: Team | C3: G1 | D3: G2 | E3: G3 | F3: G4 | G3: G5 | H3: G6 | I3: G7 | J3: G8 | K3: G9 | L3: G10 | M3: Totale | N3: Overall | O3: Random | P3: Performance | Q3: Posizione Finale | S3: COME FUNZIONA
A4: Pilota 1 | B4: Team 1 | C4: =IF(Q4<=10,VLOOKUP(Q4,$S$12:$T$21,2,FALSE),0) -> 0 | M4: =SUM(C4:L4) -> 0 | N4: 80 | O4: =RANDBETWEEN(-15,15) -> -11 | P4: =N4+O4 -> 69 | Q4: =RANK(P4,$P$4:$P$23,0) -> 17 | S4: 1. Modifica l'Overall dei piloti
A5: Pilota 2 | B5: Team 2 | C5: =IF(Q5<=10,VLOOKUP(Q5,$S$12:$T$21,2,FALSE),0) -> 0 | M5: =SUM(C5:L5) -> 0 | N5: 80 | O5: =RANDBETWEEN(-15,15) -> -6 | P5: =N5+O5 -> 74 | Q5: =RANK(P5,$P$4:$P$23,0) -> 15 | S5: 2. Premi F9 in Excel per rigenerare la casualità
A6: Pilota 3 | B6: Team 3 | C6: =IF(Q6<=10,VLOOKUP(Q6,$S$12:$T$21,2,FALSE),0) -> 0 | M6: =SUM(C6:L6) -> 0 | N6: 80 | O6: =RANDBETWEEN(-15,15) -> -2 | P6: =N6+O6 -> 78 | Q6: =RANK(P6,$P$4:$P$23,0) -> 13 | S6: 3. Il valore Random simula incidenti, meteo, fortuna ecc.
A7: Pilota 4 | B7: Team 4 | C7: =IF(Q7<=10,VLOOKUP(Q7,$S$12:$T$21,2,FALSE),0) -> 8 | M7: =SUM(C7:L7) -> 8 | N7: 80 | O7: =RANDBETWEEN(-15,15) -> 5 | P7: =N7+O7 -> 85 | Q7: =RANK(P7,$P$4:$P$23,0) -> 6 | S7: 4. Performance = Overall + Casualità
A8: Pilota 5 | B8: Team 5 | C8: =IF(Q8<=10,VLOOKUP(Q8,$S$12:$T$21,2,FALSE),0) -> 12 | M8: =SUM(C8:L8) -> 12 | N8: 80 | O8: =RANDBETWEEN(-15,15) -> 7 | P8: =N8+O8 -> 87 | Q8: =RANK(P8,$P$4:$P$23,0) -> 4 | S8: 5. Posizione Finale aggiornata automaticamente
A9: Pilota 6 | B9: Team 1 | C9: =IF(Q9<=10,VLOOKUP(Q9,$S$12:$T$21,2,FALSE),0) -> 25 | M9: =SUM(C9:L9) -> 25 | N9: 80 | O9: =RANDBETWEEN(-15,15) -> 12 | P9: =N9+O9 -> 92 | Q9: =RANK(P9,$P$4:$P$23,0) -> 1
A10: Pilota 7 | B10: Team 2 | C10: =IF(Q10<=10,VLOOKUP(Q10,$S$12:$T$21,2,FALSE),0) -> 8 | M10: =SUM(C10:L10) -> 8 | N10: 80 | O10: =RANDBETWEEN(-15,15) -> 5 | P10: =N10+O10 -> 85 | Q10: =RANK(P10,$P$4:$P$23,0) -> 6
A11: Pilota 8 | B11: Team 3 | C11: =IF(Q11<=10,VLOOKUP(Q11,$S$12:$T$21,2,FALSE),0) -> 0 | M11: =SUM(C11:L11) -> 0 | N11: 80 | O11: =RANDBETWEEN(-15,15) -> -13 | P11: =N11+O11 -> 67 | Q11: =RANK(P11,$P$4:$P$23,0) -> 19 | S11: Sistema Punti
A12: Pilota 9 | B12: Team 4 | C12: =IF(Q12<=10,VLOOKUP(Q12,$S$12:$T$21,2,FALSE),0) -> 0 | M12: =SUM(C12:L12) -> 0 | N12: 80 | O12: =RANDBETWEEN(-15,15) -> -5 | P12: =N12+O12 -> 75 | Q12: =RANK(P12,$P$4:$P$23,0) -> 14 | S12: 1 | T12: 25
A13: Pilota 10 | B13: Team 5 | C13: =IF(Q13<=10,VLOOKUP(Q13,$S$12:$T$21,2,FALSE),0) -> 4 | M13: =SUM(C13:L13) -> 4 | N13: 80 | O13: =RANDBETWEEN(-15,15) -> 4 | P13: =N13+O13 -> 84 | Q13: =RANK(P13,$P$4:$P$23,0) -> 8 | S13: 2 | T13: 18
A14: Pilota 11 | B14: Team 1 | C14: =IF(Q14<=10,VLOOKUP(Q14,$S$12:$T$21,2,FALSE),0) -> 0 | M14: =SUM(C14:L14) -> 0 | N14: 80 | O14: =RANDBETWEEN(-15,15) -> -6 | P14: =N14+O14 -> 74 | Q14: =RANK(P14,$P$4:$P$23,0) -> 15 | S14: 3 | T14: 15
A15: Pilota 12 | B15: Team 2 | C15: =IF(Q15<=10,VLOOKUP(Q15,$S$12:$T$21,2,FALSE),0) -> 0 | M15: =SUM(C15:L15) -> 0 | N15: 80 | O15: =RANDBETWEEN(-15,15) -> -14 | P15: =N15+O15 -> 66 | Q15: =RANK(P15,$P$4:$P$23,0) -> 20 | S15: 4 | T15: 12
A16: Pilota 13 | B16: Team 3 | C16: =IF(Q16<=10,VLOOKUP(Q16,$S$12:$T$21,2,FALSE),0) -> 18 | M16: =SUM(C16:L16) -> 18 | N16: 80 | O16: =RANDBETWEEN(-15,15) -> 11 | P16: =N16+O16 -> 91 | Q16: =RANK(P16,$P$4:$P$23,0) -> 2 | S16: 5 | T16: 10
A17: Pilota 14 | B17: Team 4 | C17: =IF(Q17<=10,VLOOKUP(Q17,$S$12:$T$21,2,FALSE),0) -> 2 | M17: =SUM(C17:L17) -> 2 | N17: 80 | O17: =RANDBETWEEN(-15,15) -> 2 | P17: =N17+O17 -> 82 | Q17: =RANK(P17,$P$4:$P$23,0) -> 9 | S17: 6 | T17: 8
A18: Pilota 15 | B18: Team 5 | C18: =IF(Q18<=10,VLOOKUP(Q18,$S$12:$T$21,2,FALSE),0) -> 0 | M18: =SUM(C18:L18) -> 0 | N18: 80 | O18: =RANDBETWEEN(-15,15) -> 0 | P18: =N18+O18 -> 80 | Q18: =RANK(P18,$P$4:$P$23,0) -> 12 | S18: 7 | T18: 6
A19: Pilota 16 | B19: Team 1 | C19: =IF(Q19<=10,VLOOKUP(Q19,$S$12:$T$21,2,FALSE),0) -> 10 | M19: =SUM(C19:L19) -> 10 | N19: 80 | O19: =RANDBETWEEN(-15,15) -> 6 | P19: =N19+O19 -> 86 | Q19: =RANK(P19,$P$4:$P$23,0) -> 5 | S19: 8 | T19: 4
A20: Pilota 17 | B20: Team 2 | C20: =IF(Q20<=10,VLOOKUP(Q20,$S$12:$T$21,2,FALSE),0) -> 0 | M20: =SUM(C20:L20) -> 0 | N20: 80 | O20: =RANDBETWEEN(-15,15) -> -12 | P20: =N20+O20 -> 68 | Q20: =RANK(P20,$P$4:$P$23,0) -> 18 | S20: 9 | T20: 2
A21: Pilota 18 | B21: Team 3 | C21: =IF(Q21<=10,VLOOKUP(Q21,$S$12:$T$21,2,FALSE),0) -> 2 | M21: =SUM(C21:L21) -> 2 | N21: 80 | O21: =RANDBETWEEN(-15,15) -> 2 | P21: =N21+O21 -> 82 | Q21: =RANK(P21,$P$4:$P$23,0) -> 9 | S21: 10 | T21: 1
A22: Pilota 19 | B22: Team 4 | C22: =IF(Q22<=10,VLOOKUP(Q22,$S$12:$T$21,2,FALSE),0) -> 0 | M22: =SUM(C22:L22) -> 0 | N22: 80 | O22: =RANDBETWEEN(-15,15) -> 1 | P22: =N22+O22 -> 81 | Q22: =RANK(P22,$P$4:$P$23,0) -> 11
A23: Pilota 20 | B23: Team 5 | C23: =IF(Q23<=10,VLOOKUP(Q23,$S$12:$T$21,2,FALSE),0) -> 15 | M23: =SUM(C23:L23) -> 15 | N23: 80 | O23: =RANDBETWEEN(-15,15) -> 10 | P23: =N23+O23 -> 90 | Q23: =RANK(P23,$P$4:$P$23,0) -> 3

Sheet 1981
A1: Formula 1 - Stagione 1981
A3: Pilota | B3: Team | C3: G1 | D3: G2 | E3: G3 | F3: G4 | G3: G5 | H3: G6 | I3: G7 | J3: G8 | K3: G9 | L3: G10 | M3: Totale | N3: Overall | O3: Random | P3: Performance | Q3: Posizione Finale | S3: COME FUNZIONA
A4: Pilota 1 | B4: Team 1 | C4: =IF(Q4<=10,VLOOKUP(Q4,$S$12:$T$21,2,FALSE),0) -> 25 | M4: =SUM(C4:L4) -> 25 | N4: 80 | O4: =RANDBETWEEN(-15,15) -> 15 | P4: =N4+O4 -> 95 | Q4: =RANK(P4,$P$4:$P$23,0) -> 1 | S4: 1. Modifica l'Overall dei piloti
A5: Pilota 2 | B5: Team 2 | C5: =IF(Q5<=10,VLOOKUP(Q5,$S$12:$T$21,2,FALSE),0) -> 15 | M5: =SUM(C5:L5) -> 15 | N5: 80 | O5: =RANDBETWEEN(-15,15) -> 13 | P5: =N5+O5 -> 93 | Q5: =RANK(P5,$P$4:$P$23,0) -> 3 | S5: 2. Premi F9 in Excel per rigenerare la casualità
A6: Pilota 3 | B6: Team 3 | C6: =IF(Q6<=10,VLOOKUP(Q6,$S$12:$T$21,2,FALSE),0) -> 0 | M6: =SUM(C6:L6) -> 0 | N6: 80 | O6: =RANDBETWEEN(-15,15) -> 2 | P6: =N6+O6 -> 82 | Q6: =RANK(P6,$P$4:$P$23,0) -> 11 | S6: 3. Il valore Random simula incidenti, meteo, fortuna ecc.
A7: Pilota 4 | B7: Team 4 | C7: =IF(Q7<=10,VLOOKUP(Q7,$S$12:$T$21,2,FALSE),0) -> 0 | M7: =SUM(C7:L7) -> 0 | N7: 80 | O7: =RANDBETWEEN(-15,15) -> -14 | P7: =N7+O7 -> 66 | Q7: =RANK(P7,$P$4:$P$23,0) -> 20 | S7: 4. Performance = Overall + Casualità
A8: Pilota 5 | B8: Team 5 | C8: =IF(Q8<=10,VLOOKUP(Q8,$S$12:$T$21,2,FALSE),0) -> 10 | M8: =SUM(C8:L8) -> 10 | N8: 80 | O8: =RANDBETWEEN(-15,15) -> 10 | P8: =N8+O8 -> 90 | Q8: =RANK(P8,$P$4:$P$23,0) -> 5 | S8: 5. Posizione Finale aggiornata automaticamente
A9: Pilota 6 | B9: Team 1 | C9: =IF(Q9<=10,VLOOKUP(Q9,$S$12:$T$21,2,FALSE),0) -> 12 | M9: =SUM(C9:L9) -> 12 | N9: 80 | O9: =RANDBETWEEN(-15,15) -> 12 | P9: =N9+O9 -> 92 | Q9: =RANK(P9,$P$4:$P$23,0) -> 4
A10: Pilota 7 | B10: Team 2 | C10: =IF(Q10<=10,VLOOKUP(Q10,$S$12:$T$21,2,FALSE),0) -> 25 | M10: =SUM(C10:L10) -> 25 | N10: 80 | O10: =RANDBETWEEN(-15,15) -> 15 | P10: =N10+O10 -> 95 | Q10: =RANK(P10,$P$4:$P$23,0) -> 1
A11: Pilota 8 | B11: Team 3 | C11: =IF(Q11<=10,VLOOKUP(Q11,$S$12:$T$21,2,FALSE),0) -> 0 | M11: =SUM(C11:L11) -> 0 | N11: 80 | O11: =RANDBETWEEN(-15,15) -> 2 | P11: =N11+O11 -> 82 | Q11: =RANK(P11,$P$4:$P$23,0) -> 11 | S11: Sistema Punti
A12: Pilota 9 | B12: Team 4 | C12: =IF(Q12<=10,VLOOKUP(Q12,$S$12:$T$21,2,FALSE),0) -> 0 | M12: =SUM(C12:L12) -> 0 | N12: 80 | O12: =RANDBETWEEN(-15,15) -> -2 | P12: =N12+O12 -> 78 | Q12: =RANK(P12,$P$4:$P$23,0) -> 18 | S12: 1 | T12: 25
A13: Pilota 10 | B13: Team 5 | C13: =IF(Q13<=10,VLOOKUP(Q13,$S$12:$T$21,2,FALSE),0) -> 0 | M13: =SUM(C13:L13) -> 0 | N13: 80 | O13: =RANDBETWEEN(-15,15) -> -6 | P13: =N13+O13 -> 74 | Q13: =RANK(P13,$P$4:$P$23,0) -> 19 | S13: 2 | T13: 18
A14: Pilota 11 | B14: Team 1 | C14: =IF(Q14<=10,VLOOKUP(Q14,$S$12:$T$21,2,FALSE),0) -> 0 | M14: =SUM(C14:L14) -> 0 | N14: 80 | O14: =RANDBETWEEN(-15,15) -> 0 | P14: =N14+O14 -> 80 | Q14: =RANK(P14,$P$4:$P$23,0) -> 14 | S14: 3 | T14: 15
A15: Pilota 12 | B15: Team 2 | C15: =IF(Q15<=10,VLOOKUP(Q15,$S$12:$T$21,2,FALSE),0) -> 0 | M15: =SUM(C15:L15) -> 0 | N15: 80 | O15: =RANDBETWEEN(-15,15) -> 2 | P15: =N15+O15 -> 82 | Q15: =RANK(P15,$P$4:$P$23,0) -> 11 | S15: 4 | T15: 12
A16: Pilota 13 | B16: Team 3 | C16: =IF(Q16<=10,VLOOKUP(Q16,$S$12:$T$21,2,FALSE),0) -> 8 | M16: =SUM(C16:L16) -> 8 | N16: 80 | O16: =RANDBETWEEN(-15,15) -> 8 | P16: =N16+O16 -> 88 | Q16: =RANK(P16,$P$4:$P$23,0) -> 6 | S16: 5 | T16: 10
A17: Pilota 14 | B17: Team 4 | C17: =IF(Q17<=10,VLOOKUP(Q17,$S$12:$T$21,2,FALSE),0) -> 2 | M17: =SUM(C17:L17) -> 2 | N17: 80 | O17: =RANDBETWEEN(-15,15) -> 5 | P17: =N17+O17 -> 85 | Q17: =RANK(P17,$P$4:$P$23,0) -> 9 | S17: 6 | T17: 8
A18: Pilota 15 | B18: Team 5 | C18: =IF(Q18<=10,VLOOKUP(Q18,$S$12:$T$21,2,FALSE),0) -> 0 | M18: =SUM(C18:L18) -> 0 | N18: 80 | O18: =RANDBETWEEN(-15,15) -> -1 | P18: =N18+O18 -> 79 | Q18: =RANK(P18,$P$4:$P$23,0) -> 17 | S18: 7 | T18: 6
A19: Pilota 16 | B19: Team 1 | C19: =IF(Q19<=10,VLOOKUP(Q19,$S$12:$T$21,2,FALSE),0) -> 0 | M19: =SUM(C19:L19) -> 0 | N19: 80 | O19: =RANDBETWEEN(-15,15) -> 0 | P19: =N19+O19 -> 80 | Q19: =RANK(P19,$P$4:$P$23,0) -> 14 | S19: 8 | T19: 4
A20: Pilota 17 | B20: Team 2 | C20: =IF(Q20<=10,VLOOKUP(Q20,$S$12:$T$21,2,FALSE),0) -> 4 | M20: =SUM(C20:L20) -> 4 | N20: 80 | O20: =RANDBETWEEN(-15,15) -> 6 | P20: =N20+O20 -> 86 | Q20: =RANK(P20,$P$4:$P$23,0) -> 8 | S20: 9 | T20: 2
A21: Pilota 18 | B21: Team 3 | C21: =IF(Q21<=10,VLOOKUP(Q21,$S$12:$T$21,2,FALSE),0) -> 2 | M21: =SUM(C21:L21) -> 2 | N21: 80 | O21: =RANDBETWEEN(-15,15) -> 5 | P21: =N21+O21 -> 85 | Q21: =RANK(P21,$P$4:$P$23,0) -> 9 | S21: 10 | T21: 1
A22: Pilota 19 | B22: Team 4 | C22: =IF(Q22<=10,VLOOKUP(Q22,$S$12:$T$21,2,FALSE),0) -> 0 | M22: =SUM(C22:L22) -> 0 | N22: 80 | O22: =RANDBETWEEN(-15,15) -> 0 | P22: =N22+O22 -> 80 | Q22: =RANK(P22,$P$4:$P$23,0) -> 14
A23: Pilota 20 | B23: Team 5 | C23: =IF(Q23<=10,VLOOKUP(Q23,$S$12:$T$21,2,FALSE),0) -> 8 | M23: =SUM(C23:L23) -> 8 | N23: 80 | O23: =RANDBETWEEN(-15,15) -> 8 | P23: =N23+O23 -> 88 | Q23: =RANK(P23,$P$4:$P$23,0) -> 6

Sheet 1982
A1: Formula 1 - Stagione 1982
A3: Pilota | B3: Team | C3: Sudafrica | D3: Brasile | E3: Su Ovest | F3: San Marino | G3: Belgio | H3: Monaco | I3: Detroit | J3: Canada | K3: Paesi Bassi | L3: Gran Bretagna | M3: Francia | N3: Germania | O3: Austria | P3: Svizzera | Q3: Italia | R3: Las Vegas | S3: Totale | T3: Velocità | U3: Affidabilità | V3: Talento | W3: Overall | X3: Colonna1 | Y3: Random | Z3: Performance | AA3: Posizione Finale | AB3: Colonna2
A4: K. Rosberg | B4: Williams | S4: =SUM(C4:R4) -> 0 | W4: =T4+U4+V4+69 -> 69 | X4: =W4*$W$30 -> 123786 | Y4: =W4+RAND()*6 -> 72.986178 | Z4: =W4+Y4 -> 141.98618 | AA4: =RANK(Z4,$Z$4:$Z$23,0) -> 10 | AB4: =IF(RAND()<0.2-(U4)/50,"DNF","OK") -> DNF
A5: D. Pironi | B5: Ferrari | S5: =SUM(C5:R5) -> 0 | W5: =T5+U5+V5+69 -> 69 | X5: =W5*$W$30 -> 123786 | Y5: =W5+RAND()*6 -> 73.428713 | Z5: =W5+Y5 -> 142.42871 | AA5: =RANK(Z5,$Z$4:$Z$23,0) -> 7 | AB5: =IF(RAND()<0.2-(U5)/50,"DNF","OK") -> OK | AF5: Sistema punti
A6: J. Watson | B6: Mclaren | S6: =SUM(C6:R6) -> 0 | W6: =T6+U6+V6+69 -> 69 | X6: =W6*$W$30 -> 123786 | Y6: =W6+RAND()*6 -> 71.926409 | Z6: =W6+Y6 -> 140.92641 | AA6: =RANK(Z6,$Z$4:$Z$23,0) -> 13 | AB6: =IF(RAND()<0.2-(U6)/50,"DNF","OK") -> OK | AF6: 1° | AG6: 9
A7: A. Prost | B7: Renault | S7: =SUM(C7:R7) -> 0 | W7: =T7+U7+V7+69 -> 69 | X7: =W7*$W$30 -> 123786 | Y7: =W7+RAND()*6 -> 74.670016 | Z7: =W7+Y7 -> 143.67002 | AA7: =RANK(Z7,$Z$4:$Z$23,0) -> 1 | AB7: =IF(RAND()<0.2-(U7)/50,"DNF","OK") -> OK | AF7: 2° | AG7: 6
